case_id,continent,education_of_employee,has_job_experience,requires_job_training,no_of_employees,yr_of_estab,region_of_employment,prevailing_wage,unit_of_wage,full_time_position,case_status
EZYV00001,North America,Master's,Y,N,55271,2015,South,34352.3109,Year,Y,Certified
EZYV00002,Asia,Master's,Y,N,31091,2009,Northeast,199828.9412,Year,Y,Certified
EZYV00003,South America,Bachelor's,Y,N,36852,1997,South,247048.844,Year,Y,Certified
EZYV00004,Europe,Master's,Y,Y,21227,1978,West,90225.3072,Year,Y,Certified
EZYV00005,Asia,High School,Y,Y,53441,1999,South,216364.3336,Year,Y,Denied
EZYV00006,Oceania,Master's,Y,N,4517,1993,Northeast,190683.8586,Year,Y,Certified
EZYV00007,North America,Master's,N,Y,16592,2015,South,227914.0066,Year,Y,Certified
EZYV00008,North America,Bachelor's,N,N,59458,1973,Midwest,106208.2446,Hour,Y,Denied
EZYV00009,Asia,High School,N,N,29055,1961,South,25505.1159,Year,Y,Denied
EZYV00010,Asia,Master's,N,Y,10498,1967,South,29765.3803,Year,Y,Certified
EZYV00011,Asia,Bachelor's,N,N,24833,1970,Northeast,190846.9654,Year,N,Certified
EZYV00012,Africa,Doctorate,N,N,15329,1999,South,215860.2935,Hour,Y,Certified
EZYV00013,Europe,Master's,Y,N,31524,1968,Midwest,114362.7819,Year,N,Certified
EZYV00014,South America,Master's,N,N,14166,1968,West,15080.8081,Year,Y,Certified
EZYV00015,Asia,Bachelor's,Y,N,23968,1983,South,16863.1689,Year,Y,Certified
EZYV00016,Asia,Master's,Y,N,54477,2006,Midwest,149730.3674,Year,N,Certified
EZYV00017,Europe,Doctorate,Y,N,4955,1985,South,229672.3627,Year,Y,Certified
EZYV00018,Asia,High School,N,N,45824,1976,Midwest,100015.9617,Year,Y,Denied
EZYV00019,South America,Bachelor's,N,N,4705,1977,Northeast,162724.8298,Year,Y,Certified
EZYV00020,Europe,Bachelor's,N,N,27447,2009,South,135593.5407,Year,Y,Denied
EZYV00021,North America,Bachelor's,N,N,40104,1985,Midwest,222461.5095,Year,N,Certified
EZYV00022,Asia,Master's,N,N,57326,1982,Midwest,208130.4254,Month,Y,Certified
EZYV00023,Oceania,Bachelor's,Y,N,15016,2006,West,49997.2703,Year,Y,Certified
EZYV00024,South America,Master's,N,N,3181,1982,West,169450.266,Year,Y,Denied
EZYV00025,North America,Bachelor's,N,N,45054,1981,Midwest,211906.2958,Year,Y,Certified
EZYV00026,Asia,Bachelor's,N,N,53621,2005,West,232576.2956,Year,Y,Denied
EZYV00027,Asia,Bachelor's,Y,N,33909,1979,Northeast,147563.7997,Year,Y,Certified
EZYV00028,Asia,Master's,Y,N,3639,1990,South,44142.6265,Year,Y,Certified
EZYV00029,Asia,Master's,N,Y,30047,1999,West,139646.3746,Year,Y,Certified
EZYV00030,Europe,Bachelor's,Y,Y,23476,1972,West,166521.5891,Year,Y,Certified
EZYV00031,North America,Master's,Y,N,27097,1967,Midwest,68267.7676,Week,Y,Certified
EZYV00032,Africa,High School,Y,N,3254,2011,South,243255.7702,Year,Y,Denied
EZYV00033,Asia,Bachelor's,Y,N,19051,1977,Northeast,57485.6976,Year,Y,Certified
EZYV00034,Asia,Bachelor's,Y,N,59938,1980,Northeast,227855.8599,Year,Y,Certified
EZYV00035,Asia,Doctorate,N,N,2762,1995,Midwest,106410.1532,Year,Y,Certified
EZYV00036,Asia,Master's,N,N,54864,1966,Northeast,338.4304,Year,Y,Certified
EZYV00037,Asia,Master's,N,N,31059,1962,Midwest,135913.6105,Year,Y,Denied
EZYV00038,Asia,High School,Y,N,35094,1984,Northeast,157145.8093,Year,Y,Denied
EZYV00039,Asia,Bachelor's,Y,N,56011,2018,South,217366.9656,Year,Y,Certified
EZYV00040,Europe,Master's,Y,Y,13082,1994,West,135232.697,Year,Y,Certified
EZYV00041,Asia,Bachelor's,Y,Y,59064,1994,South,23713.5197,Year,Y,Certified
EZYV00042,South America,Doctorate,Y,N,16617,1996,Midwest,231718.0271,Year,Y,Certified
EZYV00043,North America,Master's,N,N,20955,2011,Northeast,141425.6268,Year,Y,Certified
EZYV00044,Asia,Bachelor's,N,N,26980,2010,South,68028.4918,Year,Y,Certified
EZYV00045,South America,Master's,Y,N,36098,1961,West,224734.8824,Year,N,Certified
EZYV00046,North America,Doctorate,Y,Y,19376,1992,Midwest,30404.1854,Year,Y,Certified
EZYV00047,Asia,Bachelor's,Y,N,47589,1992,Northeast,24551.2132,Year,N,Certified
EZYV00048,Asia,Master's,Y,N,1293,1973,South,133845.2716,Year,Y,Certified
EZYV00049,Europe,Doctorate,Y,N,40001,2018,West,156296.0801,Year,Y,Certified
EZYV00050,Asia,Bachelor's,Y,N,39380,1975,Midwest,127837.6,Year,Y,Certified
EZYV00051,Asia,Doctorate,Y,Y,32080,2010,Midwest,232262.2134,Year,Y,Certified
EZYV00052,Asia,High School,Y,N,36811,1966,Midwest,65852.6445,Year,N,Denied
EZYV00053,North America,Master's,N,N,44864,1996,South,247560.722,Year,Y,Certified
EZYV00054,Europe,Master's,Y,N,54260,2004,West,5033.4637,Year,Y,Certified
EZYV00055,North America,Master's,Y,N,13114,1990,Midwest,29809.7919,Year,N,Certified
EZYV00056,North America,Bachelor's,Y,N,28619,1966,Midwest,46581.9412,Year,Y,Certified
EZYV00057,Asia,Master's,Y,N,33737,1967,West,20078.0166,Year,Y,Certified
EZYV00058,Europe,Bachelor's,Y,N,20692,1996,Midwest,109666.823,Year,Y,Certified
EZYV00059,Asia,Bachelor's,N,Y,58431,2011,Midwest,216369.9695,Year,Y,Certified
EZYV00060,Asia,Bachelor's,N,N,30698,1995,Northeast,205225.6799,Year,N,Certified
EZYV00061,Europe,Master's,N,N,35565,1966,South,186240.2626,Hour,Y,Certified
EZYV00062,Asia,Bachelor's,Y,N,11693,2007,Midwest,2050.8686,Year,Y,Certified
EZYV00063,Europe,Bachelor's,Y,N,24956,1987,South,216453.3655,Year,Y,Certified
EZYV00064,North America,Doctorate,Y,N,37538,1964,Northeast,99245.4732,Year,Y,Certified
EZYV00065,Europe,Bachelor's,Y,N,25709,1982,South,182963.1111,Year,Y,Certified
EZYV00066,Europe,Bachelor's,N,N,46205,1972,West,181784.2874,Year,Y,Certified
EZYV00067,Europe,Bachelor's,Y,N,8216,2019,Midwest,44544.7526,Year,Y,Certified
EZYV00068,Asia,Bachelor's,Y,N,9220,2014,Midwest,128945.6329,Year,Y,Certified
EZYV00069,Asia,Master's,Y,N,20349,1966,Northeast,231560.0035,Year,Y,Certified
EZYV00070,Asia,Bachelor's,Y,N,19113,1994,South,65909.5478,Year,Y,Certified
EZYV00071,Asia,High School,N,N,48929,1960,Northeast,178813.9564,Year,Y,Certified
EZYV00072,Asia,Doctorate,Y,N,52070,1987,Midwest,239521.1496,Year,Y,Certified
EZYV00073,South America,Master's,Y,N,28325,1969,Northeast,90285.6677,Year,Y,Certified
EZYV00074,Asia,Master's,Y,N,30339,2004,West,97030.8914,Year,Y,Certified
EZYV00075,Asia,Master's,N,N,17672,1964,West,113250.1148,Year,Y,Certified
EZYV00076,Asia,Doctorate,Y,N,31917,2014,West,202298.0026,Year,Y,Certified
EZYV00077,Asia,Bachelor's,N,N,42392,1973,West,109933.3235,Year,Y,Certified
EZYV00078,Europe,Master's,Y,N,43348,1975,West,121664.2398,Year,Y,Certified
EZYV00079,Europe,Master's,Y,Y,58138,2013,West,55734.9089,Year,Y,Certified
EZYV00080,North America,Bachelor's,N,N,34679,2014,Northeast,247088.5973,Year,Y,Denied
EZYV00081,Europe,Bachelor's,Y,N,20428,1965,South,223110.0677,Year,Y,Certified
EZYV00082,Asia,Bachelor's,Y,N,4188,1966,South,150143.5274,Year,N,Certified
EZYV00083,North America,Master's,Y,Y,41279,2011,South,240147.9059,Year,Y,Certified
EZYV00084,Asia,Master's,Y,N,48240,2018,West,171812.0421,Year,Y,Certified
EZYV00085,Asia,Master's,Y,Y,33151,1989,South,239784.587,Year,Y,Certified
EZYV00086,Asia,Bachelor's,N,Y,55371,1969,Midwest,40551.6595,Year,Y,Certified
EZYV00087,North America,Bachelor's,Y,N,19024,1969,Northeast,56519.2602,Year,Y,Denied
EZYV00088,Asia,Bachelor's,Y,N,3210,1975,West,221318.5794,Year,Y,Certified
EZYV00089,Asia,Master's,Y,N,37994,2001,Northeast,105084.623,Week,Y,Denied
EZYV00090,Asia,Doctorate,N,N,7288,1965,South,92915.1945,Year,Y,Certified
EZYV00091,Asia,Master's,Y,N,5060,1998,South,188632.972,Year,Y,Certified
EZYV00092,Europe,Doctorate,Y,N,42122,2008,West,157655.3499,Hour,Y,Certified
EZYV00093,Asia,Master's,N,N,26072,1968,Northeast,86149.0856,Year,Y,Denied
EZYV00094,Asia,Doctorate,N,N,36274,2019,West,99585.5748,Year,Y,Certified
EZYV00095,Asia,Bachelor's,N,N,44866,2019,West,102214.2628,Year,Y,Denied
EZYV00096,Europe,High School,Y,N,22960,1977,Midwest,31757.5658,Year,N,Denied
EZYV00097,Asia,High School,Y,N,36670,1966,West,57542.5716,Hour,Y,Denied
EZYV00098,Asia,Bachelor's,Y,N,32361,1979,West,134475.0643,Year,Y,Certified
EZYV00099,Asia,Bachelor's,N,N,34807,1975,Midwest,195500.4226,Year,Y,Denied
EZYV00100,Africa,Bachelor's,Y,N,42204,1976,Northeast,104878.2615,Year,N,Certified
EZYV00101,Africa,Doctorate,Y,N,22832,2015,West,95961.5293,Year,Y,Certified
EZYV00102,Europe,Bachelor's,Y,N,30276,1969,South,162698.9352,Year,Y,Denied
EZYV00103,Asia,Doctorate,N,N,35474,1979,West,39482.0152,Year,Y,Certified
EZYV00104,Africa,Master's,N,N,8424,2007,Northeast,95311.431,Year,Y,Certified
EZYV00105,North America,Master's,Y,N,12706,1963,South,52192.4318,Year,Y,Certified
EZYV00106,North America,Master's,N,N,5379,1963,West,162981.2293,Year,Y,Denied
EZYV00107,Asia,Bachelor's,N,N,11893,1978,South,28268.5309,Hour,Y,Denied
EZYV00108,Asia,Master's,Y,N,26339,2018,Northeast,112066.1403,Year,Y,Certified
EZYV00109,Asia,Bachelor's,Y,N,56258,2010,South,149126.2779,Year,Y,Certified
EZYV00110,Africa,Doctorate,N,N,55374,2015,Midwest,208452.1256,Year,Y,Certified
EZYV00111,Asia,Bachelor's,Y,N,45774,2011,Northeast,181192.9089,Year,Y,Certified
EZYV00112,Asia,Bachelor's,Y,N,33473,1967,South,235727.2076,Year,Y,Certified
EZYV00113,Asia,Master's,Y,N,12163,1984,Island,170033.6261,Year,Y,Certified
EZYV00114,Europe,Master's,N,N,21502,1991,Midwest,87427.5708,Year,Y,Denied
EZYV00115,Asia,Bachelor's,Y,N,45980,1969,Northeast,58084.6259,Year,Y,Certified
EZYV00116,South America,Master's,N,N,54523,2019,South,14334.2844,Year,Y,Denied
EZYV00117,North America,Bachelor's,Y,N,57750,1996,Northeast,69541.3867,Year,Y,Denied
EZYV00118,North America,Master's,Y,N,23327,2011,Midwest,34384.8025,Year,Y,Certified
EZYV00119,Asia,Bachelor's,N,N,29205,1975,South,92432.3495,Year,Y,Denied
EZYV00120,Europe,Bachelor's,Y,N,30556,2002,South,175704.0192,Year,Y,Certified
EZYV00121,Europe,Bachelor's,Y,N,3389,1966,Northeast,173070.0992,Year,Y,Denied
EZYV00122,Europe,Bachelor's,Y,N,7003,1961,West,79677.9741,Year,Y,Certified
EZYV00123,Asia,Bachelor's,N,N,2727,1998,Northeast,127236.3822,Year,Y,Certified
EZYV00124,Asia,Bachelor's,Y,N,44247,1964,West,54349.5381,Year,N,Certified
EZYV00125,Asia,Bachelor's,Y,N,13472,1976,South,125843.5843,Hour,Y,Certified
EZYV00126,Asia,Bachelor's,Y,N,42022,2007,West,127618.4527,Year,Y,Certified
EZYV00127,Asia,Master's,Y,N,22525,1989,Midwest,75463.9504,Year,Y,Certified
EZYV00128,Asia,Bachelor's,Y,N,47657,1982,Northeast,65015.0555,Year,Y,Certified
EZYV00129,Asia,Master's,Y,N,6945,1977,Northeast,244897.7011,Year,Y,Certified
EZYV00130,Europe,Doctorate,Y,N,19521,2000,South,134373.4531,Year,Y,Certified
EZYV00131,Asia,Bachelor's,Y,Y,12301,2017,West,140606.7426,Year,Y,Certified
EZYV00132,Africa,Doctorate,N,N,26171,2004,Northeast,2146.9638,Year,Y,Certified
EZYV00133,Europe,High School,N,N,33725,1981,West,45623.8273,Year,Y,Denied
EZYV00134,Asia,High School,Y,N,10112,1985,South,89284.1661,Year,Y,Certified
EZYV00135,Europe,Master's,Y,Y,40024,1966,West,241501.9895,Year,Y,Certified
EZYV00136,Asia,Master's,Y,N,57870,1968,West,43975.3852,Year,Y,Certified
EZYV00137,Africa,Master's,N,N,2611,1976,Northeast,75961.7699,Year,Y,Certified
EZYV00138,Asia,High School,Y,N,5178,1983,Northeast,247541.217,Hour,Y,Certified
EZYV00139,North America,Master's,Y,N,57133,2019,West,120380.9389,Year,Y,Certified
EZYV00140,Asia,Bachelor's,Y,N,38946,2012,South,79738.2623,Hour,Y,Certified
EZYV00141,Asia,Bachelor's,Y,N,55179,1966,West,158662.8583,Year,Y,Certified
EZYV00142,Asia,Bachelor's,Y,N,42319,1979,Midwest,124176.3107,Hour,N,Certified
EZYV00143,Africa,Doctorate,Y,N,43043,1963,Northeast,239370.7831,Hour,Y,Certified
EZYV00144,Europe,High School,N,N,9476,1963,South,20982.123,Year,Y,Denied
EZYV00145,Asia,Master's,N,Y,30717,1982,South,197678.8705,Year,Y,Denied
EZYV00146,Asia,Master's,N,N,21928,2017,Northeast,69915.7773,Year,Y,Certified
EZYV00147,Asia,Master's,N,N,50020,1971,Midwest,201705.9989,Year,Y,Certified
EZYV00148,Asia,Master's,Y,N,2601,2000,Midwest,211960.5411,Year,Y,Certified
EZYV00149,Asia,Master's,N,N,1104,1983,South,212335.8699,Year,Y,Denied
EZYV00150,Asia,Bachelor's,N,Y,33403,1992,Midwest,216700.5856,Year,Y,Certified
EZYV00151,South America,High School,N,N,58227,2012,Northeast,179588.2512,Year,Y,Denied
EZYV00152,South America,Master's,N,N,59696,2009,Island,35772.5558,Hour,Y,Certified
EZYV00153,Asia,Bachelor's,Y,N,35618,2009,Midwest,13165.2679,Year,N,Certified
EZYV00154,Europe,Bachelor's,Y,N,25801,1984,Northeast,85323.1579,Year,Y,Certified
EZYV00155,Asia,Bachelor's,Y,N,16386,1962,West,123868.4507,Year,Y,Certified
EZYV00156,Europe,Bachelor's,Y,N,59400,2019,West,75794.701,Year,Y,Certified
EZYV00157,Asia,High School,Y,N,11006,2019,South,185603.2921,Year,Y,Certified
EZYV00158,Europe,High School,Y,Y,7586,2011,South,180666.3807,Hour,Y,Denied
EZYV00159,North America,Doctorate,Y,N,30507,1988,West,242986.7404,Month,Y,Certified
EZYV00160,North America,Bachelor's,N,N,23556,1976,Northeast,100263.158,Year,Y,Certified
EZYV00161,Asia,Doctorate,N,N,29755,1970,Northeast,196474.7697,Year,Y,Certified
EZYV00162,Africa,Doctorate,Y,N,54119,1982,Northeast,185351.7527,Year,Y,Certified
EZYV00163,Asia,Bachelor's,Y,N,16199,1980,West,247189.6294,Year,Y,Certified
EZYV00164,Asia,Master's,Y,N,52603,1976,South,193449.0898,Year,Y,Certified
EZYV00165,Europe,Master's,N,N,12717,2017,South,71036.9178,Year,Y,Certified
EZYV00166,Asia,Master's,N,N,19425,1999,Northeast,4015.0453,Year,Y,Certified
EZYV00167,South America,High School,N,N,282,1973,Northeast,242047.9054,Year,N,Denied
EZYV00168,North America,Bachelor's,Y,N,40721,1998,West,179074.0472,Year,Y,Certified
EZYV00169,Asia,High School,Y,N,51509,2002,Northeast,203189.1357,Year,Y,Certified
EZYV00170,Africa,Master's,N,N,53171,1991,West,198352.3898,Year,Y,Certified
EZYV00171,Asia,Doctorate,N,N,10060,2016,South,183993.1203,Year,Y,Certified
EZYV00172,Asia,Master's,Y,N,46016,2017,West,187918.3223,Year,Y,Certified
EZYV00173,Asia,Master's,Y,Y,8493,1985,South,232378.6546,Year,Y,Certified
EZYV00174,Africa,Doctorate,Y,N,37714,1988,Midwest,228544.9982,Year,Y,Certified
EZYV00175,Asia,Master's,Y,N,42148,1973,Northeast,94930.8411,Year,Y,Certified
EZYV00176,Asia,High School,N,N,9167,2007,Midwest,7934.1886,Hour,Y,Denied
EZYV00177,Asia,Master's,N,N,6644,2015,Northeast,9862.6621,Year,Y,Certified
EZYV00178,Oceania,Bachelor's,Y,N,4394,1999,Northeast,111770.2635,Year,Y,Denied
EZYV00179,South America,High School,Y,N,42506,1972,West,208777.8866,Year,N,Certified
EZYV00180,North America,Master's,Y,Y,36883,1991,Northeast,211933.2844,Year,Y,Certified
EZYV00181,South America,Doctorate,Y,N,7174,2007,South,101216.5174,Year,N,Certified
EZYV00182,South America,Bachelor's,Y,Y,30024,1962,West,75542.584,Year,Y,Certified
EZYV00183,Asia,Bachelor's,N,N,47751,1995,West,126749.0408,Year,Y,Denied
EZYV00184,Asia,Bachelor's,N,N,14293,1999,West,208169.2931,Year,Y,Denied
EZYV00185,North America,High School,Y,N,36344,1992,Midwest,159196.7307,Year,Y,Certified
EZYV00186,Europe,High School,N,N,17576,1998,South,35123.4923,Year,Y,Certified
EZYV00187,Asia,Master's,N,N,15671,2013,Northeast,90686.0391,Year,N,Certified
EZYV00188,Asia,Master's,Y,N,23534,1967,Midwest,138945.3936,Year,Y,Certified
EZYV00189,North America,Bachelor's,N,N,21142,1994,Northeast,134657.9553,Year,N,Denied
EZYV00190,Asia,Bachelor's,N,N,29738,2007,Northeast,207692.3782,Year,Y,Certified
EZYV00191,Africa,Bachelor's,N,N,12336,2009,Northeast,233056.5066,Hour,Y,Denied
EZYV00192,Asia,High School,Y,N,23424,1988,South,25295.6809,Year,Y,Denied
EZYV00193,Asia,Master's,Y,N,37348,2019,South,56257.0161,Year,Y,Certified
EZYV00194,South America,Master's,Y,N,23246,1979,South,98160.7963,Year,N,Certified
EZYV00195,Asia,Master's,Y,N,39389,1986,West,74240.2407,Year,Y,Certified
EZYV00196,Asia,Bachelor's,Y,N,6957,2009,West,102190.9656,Year,Y,Denied
EZYV00197,Europe,Master's,N,N,8272,1986,Midwest,10372.1629,Year,Y,Certified
EZYV00198,South America,High School,Y,N,51937,1980,Northeast,16690.1149,Year,Y,Denied
EZYV00199,Asia,Bachelor's,Y,N,27717,1993,Northeast,209622.6972,Year,Y,Certified
EZYV00200,Asia,Doctorate,N,N,36555,1997,West,25824.9297,Year,Y,Certified
EZYV00201,North America,Master's,Y,N,44391,2018,Northeast,206053.963,Year,N,Certified
EZYV00202,Oceania,Doctorate,Y,N,8778,1997,South,76766.6981,Year,Y,Certified
EZYV00203,Asia,Doctorate,Y,N,58336,1971,West,77443.9978,Year,Y,Certified
EZYV00204,Asia,Master's,Y,N,25441,1963,West,25366.6076,Year,Y,Certified
EZYV00205,Asia,Doctorate,Y,Y,53384,2018,Northeast,3513.1927,Hour,Y,Certified
EZYV00206,Asia,Bachelor's,N,N,25011,1985,West,88951.0944,Year,N,Certified
EZYV00207,Asia,High School,Y,N,24343,1972,West,208872.1552,Year,Y,Denied
EZYV00208,Europe,High School,Y,N,36043,1973,Midwest,230004.875,Year,Y,Denied
EZYV00209,Asia,Bachelor's,Y,N,11465,1966,South,15584.0719,Year,Y,Denied
EZYV00210,Asia,High School,N,N,36538,1971,West,7920.8343,Year,Y,Denied
EZYV00211,Europe,Bachelor's,Y,N,58998,2006,West,39868.3949,Year,Y,Certified
EZYV00212,Europe,Master's,N,N,38718,1999,Northeast,191619.1942,Year,Y,Certified
EZYV00213,Asia,Master's,Y,N,4217,1995,West,51379.715,Year,Y,Certified
EZYV00214,North America,Master's,N,Y,41878,1960,West,57856.4315,Year,Y,Certified
EZYV00215,North America,Bachelor's,Y,Y,2018,2000,Northeast,222257.8859,Year,Y,Denied
EZYV00216,North America,Master's,Y,N,6214,2018,South,218762.2699,Year,Y,Certified
EZYV00217,Asia,Bachelor's,Y,N,17085,2015,South,167638.247,Year,Y,Certified
EZYV00218,Asia,High School,N,N,18305,1983,West,41170.6424,Year,Y,Certified
EZYV00219,Africa,Bachelor's,Y,N,227,1996,Northeast,95411.0676,Year,Y,Certified
EZYV00220,Asia,Bachelor's,Y,N,1055,1977,South,59197.1161,Year,Y,Certified
EZYV00221,Asia,Bachelor's,Y,N,47357,2013,Northeast,168027.0263,Year,Y,Certified
EZYV00222,Asia,Master's,Y,N,27286,2015,West,195026.7773,Year,Y,Certified
EZYV00223,Europe,Master's,Y,N,12001,1973,West,35705.0038,Year,Y,Certified
EZYV00224,Africa,Master's,Y,N,25774,1989,South,224509.3671,Hour,Y,Certified
EZYV00225,Asia,Bachelor's,Y,Y,41580,1974,South,115813.9116,Year,Y,Certified
EZYV00226,Africa,Master's,Y,N,44063,1996,South,198792.4625,Year,Y,Certified
EZYV00227,Asia,Master's,Y,N,17299,1977,South,13099.0746,Year,Y,Certified
EZYV00228,Europe,Bachelor's,Y,N,10039,2001,West,90273.1805,Year,Y,Certified
EZYV00229,Europe,Master's,Y,N,57561,2018,Northeast,3892.2807,Year,Y,Certified
EZYV00230,Asia,Bachelor's,Y,N,37895,2012,West,179677.4859,Year,Y,Certified
EZYV00231,Asia,Bachelor's,N,Y,58977,1970,West,20046.8524,Year,Y,Certified
EZYV00232,Asia,Bachelor's,Y,N,18412,1967,Midwest,84703.7906,Year,Y,Certified
EZYV00233,Africa,Master's,N,N,6689,2008,Northeast,195480.8204,Year,Y,Certified
EZYV00234,Europe,High School,Y,N,22924,1964,South,187291.8263,Year,Y,Denied
EZYV00235,Africa,Bachelor's,Y,Y,19681,1984,Northeast,160144.3472,Year,Y,Certified
EZYV00236,North America,Bachelor's,Y,N,43161,2019,Midwest,173566.3556,Year,Y,Certified
EZYV00237,Asia,Doctorate,Y,N,42971,1986,West,162877.585,Year,Y,Certified
EZYV00238,North America,Bachelor's,N,N,4306,1960,West,160390.7346,Year,N,Certified
EZYV00239,Asia,Bachelor's,N,N,35270,2018,West,87543.7291,Year,Y,Certified
EZYV00240,Asia,Bachelor's,Y,N,20576,2002,South,7235.7929,Hour,Y,Certified
EZYV00241,South America,Doctorate,N,N,36898,1979,West,110568.0973,Year,Y,Certified
EZYV00242,North America,Master's,Y,N,23488,1996,West,11555.821,Year,Y,Certified
EZYV00243,Asia,Doctorate,Y,Y,32252,1996,Northeast,117323.0753,Year,Y,Certified
EZYV00244,Asia,Bachelor's,N,N,42949,1993,Midwest,116126.9284,Year,Y,Certified
EZYV00245,Europe,Bachelor's,Y,N,17613,2017,Midwest,44844.64,Year,Y,Certified
EZYV00246,South America,Master's,Y,N,11965,2007,Midwest,196108.5553,Year,Y,Certified
EZYV00247,Europe,Bachelor's,N,N,42364,1975,West,176111.4936,Hour,Y,Denied
EZYV00248,Asia,Master's,N,N,56845,2019,South,139972.9773,Year,Y,Certified
EZYV00249,Asia,Master's,N,N,26648,2017,West,231491.9633,Year,Y,Certified
EZYV00250,Asia,Bachelor's,Y,N,59865,1962,Northeast,71939.3409,Year,Y,Certified
EZYV00251,Europe,Doctorate,N,N,11105,1977,West,65655.6489,Year,Y,Certified
EZYV00252,South America,Master's,Y,N,49137,1996,Northeast,46022.2667,Year,Y,Certified
EZYV00253,Asia,Bachelor's,Y,N,59292,2012,Midwest,136201.059,Year,Y,Certified
EZYV00254,Asia,Bachelor's,Y,N,17993,2003,Northeast,51498.2242,Year,Y,Certified
EZYV00255,Asia,High School,N,N,8884,1994,Northeast,217250.1155,Year,Y,Denied
EZYV00256,North America,Master's,N,N,39837,1978,Northeast,76216.5807,Year,Y,Certified
EZYV00257,North America,Bachelor's,N,N,52165,1965,West,122834.5664,Year,Y,Certified
EZYV00258,Asia,Bachelor's,Y,N,5002,2013,Northeast,132471.7891,Week,Y,Denied
EZYV00259,Asia,Master's,Y,N,38448,1991,Northeast,77050.1075,Year,Y,Certified
EZYV00260,Europe,High School,Y,N,52278,1987,Northeast,184657.2213,Year,Y,Certified
EZYV00261,Asia,High School,N,N,1935,2018,South,173079.8195,Year,Y,Certified
EZYV00262,South America,Master's,Y,Y,30966,1969,Midwest,190250.5948,Year,Y,Certified
EZYV00263,Asia,High School,Y,N,4632,1975,South,151558.9334,Year,Y,Denied
EZYV00264,Asia,Bachelor's,N,N,10598,2011,Northeast,115153.5366,Year,Y,Denied
EZYV00265,Africa,Bachelor's,Y,N,29188,1977,Northeast,112339.4907,Year,N,Certified
EZYV00266,Asia,Bachelor's,N,N,19655,2016,Northeast,179190.3335,Year,Y,Denied
EZYV00267,Asia,Bachelor's,Y,N,5121,2011,South,94383.4032,Year,Y,Certified
EZYV00268,Asia,Master's,N,N,48047,1965,Northeast,109427.4933,Year,Y,Certified
EZYV00269,Asia,Doctorate,Y,N,12189,1987,Northeast,41085.0456,Hour,Y,Certified
EZYV00270,Asia,Bachelor's,Y,N,52215,2005,Northeast,169971.688,Year,Y,Certified
EZYV00271,Asia,Doctorate,Y,Y,10616,1989,South,19415.8024,Year,N,Certified
EZYV00272,Asia,Master's,Y,N,31190,1972,West,247629.9378,Hour,Y,Certified
EZYV00273,Asia,Master's,N,N,43626,1962,Northeast,36105.6468,Year,Y,Certified
EZYV00274,Europe,Master's,Y,N,28826,1960,West,95868.0034,Year,Y,Certified
EZYV00275,Europe,Master's,Y,N,25034,1970,West,59597.6021,Year,Y,Certified
EZYV00276,Asia,Master's,N,Y,45047,1975,Midwest,72806.3999,Year,Y,Certified
EZYV00277,Asia,Bachelor's,Y,N,721,1978,Northeast,80748.8217,Year,N,Certified
EZYV00278,Asia,Master's,N,Y,49573,2011,West,179640.4924,Year,Y,Certified
EZYV00279,South America,Bachelor's,N,N,41398,1990,Midwest,44351.9684,Year,N,Certified
EZYV00280,South America,Bachelor's,Y,N,45894,1968,Midwest,66111.3642,Year,Y,Certified
EZYV00281,Asia,Master's,N,N,25266,1964,West,25481.2813,Year,Y,Certified
EZYV00282,Asia,High School,Y,N,23074,1967,Northeast,82998.7077,Year,Y,Denied
EZYV00283,Asia,Bachelor's,Y,N,34321,1978,Midwest,235322.1875,Hour,Y,Certified
EZYV00284,Asia,High School,Y,N,38520,2004,Midwest,95151.2239,Year,Y,Certified
EZYV00285,Europe,Bachelor's,N,N,55512,1962,Northeast,194379.1084,Year,Y,Certified
EZYV00286,Asia,Master's,Y,Y,51443,1984,Northeast,115533.6437,Year,Y,Certified
EZYV00287,Asia,Master's,Y,N,3247,1986,Midwest,112510.0011,Year,Y,Certified
EZYV00288,Asia,Bachelor's,N,N,9118,1968,Northeast,206027.9418,Year,Y,Certified
EZYV00289,Asia,High School,Y,N,56797,1963,West,6899.4995,Year,N,Denied
EZYV00290,Asia,Bachelor's,N,Y,23297,1973,South,216248.6475,Year,Y,Certified
EZYV00291,South America,Bachelor's,N,N,34823,1969,West,121405.0712,Year,Y,Certified
EZYV00292,Asia,Master's,N,N,3411,2007,Northeast,87911.5709,Year,Y,Denied
EZYV00293,Africa,Master's,N,N,6291,2015,West,226727.3707,Year,Y,Certified
EZYV00294,Asia,Bachelor's,N,Y,24541,1997,South,85096.8661,Year,Y,Denied
EZYV00295,South America,Bachelor's,Y,N,43043,2005,Midwest,244428.7993,Year,Y,Certified
EZYV00296,Africa,Doctorate,N,N,46340,2005,Northeast,234101.8535,Year,Y,Certified
EZYV00297,Oceania,Master's,N,Y,53682,2012,Northeast,67127.2184,Year,Y,Certified
EZYV00298,North America,Bachelor's,N,N,11833,1965,Northeast,85282.5594,Year,Y,Certified
EZYV00299,North America,Bachelor's,Y,N,12122,2019,Northeast,203079.453,Year,Y,Certified
EZYV00300,Europe,High School,N,Y,32520,1987,Island,49063.3985,Year,Y,Certified
EZYV00301,North America,Doctorate,Y,N,32822,1992,Northeast,183041.5007,Year,Y,Certified
EZYV00302,Asia,Bachelor's,Y,N,2209,2007,Northeast,32461.9565,Year,Y,Certified
EZYV00303,Asia,Bachelor's,Y,N,26838,1989,West,51560.2606,Year,Y,Certified
EZYV00304,Asia,Doctorate,Y,N,53860,1975,Northeast,125226.3512,Hour,Y,Certified
EZYV00305,South America,Master's,N,Y,9846,1961,Northeast,186521.2554,Year,Y,Certified
EZYV00306,Asia,High School,Y,N,49202,1970,West,184909.2752,Year,Y,Certified
EZYV00307,Asia,High School,N,N,26842,1965,South,152308.7836,Year,Y,Certified
EZYV00308,Europe,High School,N,N,31471,1982,Midwest,68173.7459,Year,N,Certified
EZYV00309,Asia,Master's,Y,N,38501,2006,West,103961.3905,Hour,N,Certified
EZYV00310,Asia,High School,N,N,42351,1980,South,61704.3238,Year,Y,Denied
EZYV00311,Asia,Doctorate,Y,N,38255,1995,West,69398.9528,Hour,Y,Certified
EZYV00312,Asia,Doctorate,N,N,6248,1971,Midwest,80941.3604,Year,N,Certified
EZYV00313,Asia,Master's,N,N,17730,1995,South,149792.1582,Year,Y,Denied
EZYV00314,Asia,Master's,Y,N,50714,2017,West,52057.2032,Year,Y,Certified
EZYV00315,Asia,Bachelor's,N,N,2423,1978,South,10833.8659,Year,Y,Denied
EZYV00316,Asia,High School,Y,N,42919,1988,South,173175.172,Year,N,Certified
EZYV00317,Asia,Master's,Y,N,31235,2017,West,5647.2389,Year,Y,Certified
EZYV00318,Europe,Bachelor's,N,N,7211,1996,Northeast,242702.0475,Year,Y,Certified
EZYV00319,Asia,High School,Y,N,7379,1983,South,87701.3205,Year,Y,Certified
EZYV00320,Africa,Bachelor's,N,Y,58841,1967,Northeast,1844.0268,Hour,Y,Denied
EZYV00321,Africa,High School,Y,N,1877,2016,West,221169.4108,Year,Y,Denied
EZYV00322,Asia,Bachelor's,Y,N,1366,1996,West,150031.1724,Year,Y,Certified
EZYV00323,Asia,Master's,N,N,1017,1963,South,204384.5953,Year,Y,Denied
EZYV00324,Asia,Master's,Y,N,37716,1993,Northeast,108869.174,Year,Y,Certified
EZYV00325,South America,Master's,N,N,55584,2018,Midwest,88674.6344,Year,Y,Certified
EZYV00326,Europe,Master's,Y,N,10317,2015,South,163866.3229,Year,Y,Certified
EZYV00327,North America,Bachelor's,N,N,47748,1971,Northeast,101619.0185,Year,Y,Denied
EZYV00328,Asia,Master's,Y,Y,43159,1984,Northeast,139140.9078,Year,Y,Certified
EZYV00329,Europe,Master's,Y,Y,13798,2019,West,69600.155,Year,Y,Certified
EZYV00330,Asia,Bachelor's,Y,N,4238,2006,Northeast,83294.8226,Year,Y,Certified
EZYV00331,North America,Doctorate,Y,N,29282,1993,Midwest,20731.2527,Year,Y,Certified
EZYV00332,Asia,Bachelor's,N,Y,4879,1978,West,195386.7223,Year,N,Denied
EZYV00333,Europe,High School,Y,N,6827,2005,Northeast,87342.9366,Hour,N,Certified
EZYV00334,South America,Bachelor's,Y,N,27985,1994,West,243754.7865,Hour,Y,Denied
EZYV00335,Asia,Bachelor's,N,N,48942,1991,Northeast,65087.7543,Year,Y,Certified
EZYV00336,Europe,Bachelor's,Y,N,59640,2015,Northeast,118868.1595,Year,Y,Certified
EZYV00337,Asia,Master's,Y,N,37676,1982,West,76521.9437,Year,Y,Certified
EZYV00338,North America,Doctorate,Y,N,16601,1997,Northeast,173542.5587,Year,Y,Certified
EZYV00339,Asia,Bachelor's,Y,N,19707,1962,Midwest,202129.8067,Year,Y,Certified
EZYV00340,Africa,Master's,N,N,36757,2002,West,121855.2805,Year,Y,Certified
EZYV00341,Asia,Bachelor's,N,Y,10405,1992,Northeast,91858.5038,Year,N,Denied
EZYV00342,Africa,Master's,N,Y,31123,2012,Midwest,186238.8795,Year,Y,Certified
EZYV00343,North America,Bachelor's,N,N,46138,1979,South,48025.47,Year,N,Denied
EZYV00344,Europe,Bachelor's,Y,N,50529,2015,Northeast,149946.6913,Year,N,Certified
EZYV00345,North America,Master's,Y,N,3562,1994,South,183459.3902,Year,Y,Certified
EZYV00346,North America,Master's,N,N,17326,1972,Midwest,67463.5489,Year,Y,Denied
EZYV00347,Africa,Master's,N,N,15299,1969,South,163993.6952,Year,Y,Certified
EZYV00348,Asia,Master's,N,N,33303,1971,South,183859.491,Hour,N,Denied
EZYV00349,Europe,Master's,Y,N,11131,1978,South,29530.674,Year,Y,Certified
EZYV00350,Asia,Bachelor's,N,Y,57038,1993,South,81112.0896,Year,Y,Denied
EZYV00351,Europe,High School,N,N,55026,2012,Northeast,101695.2508,Year,Y,Denied
EZYV00352,Asia,Bachelor's,N,N,19965,2019,West,194034.1578,Year,Y,Certified
EZYV00353,Europe,High School,N,N,24434,2000,Midwest,141962.7822,Year,Y,Denied
EZYV00354,Europe,Bachelor's,Y,N,26372,1989,West,112500.456,Year,Y,Certified
EZYV00355,Asia,Bachelor's,Y,N,2572,1996,Northeast,79829.3577,Year,N,Denied
EZYV00356,Asia,Bachelor's,Y,N,53330,1979,South,1214.5295,Year,Y,Certified
EZYV00357,North America,Master's,Y,N,46765,1974,Northeast,5250.9787,Year,N,Denied
EZYV00358,North America,Bachelor's,N,N,19959,1992,South,60263.4672,Year,Y,Certified
EZYV00359,Asia,Master's,Y,N,32853,2009,West,29349.3133,Year,N,Certified
EZYV00360,Europe,Master's,Y,Y,22849,1963,South,30072.7319,Year,Y,Certified
EZYV00361,Africa,Bachelor's,Y,N,13702,1966,Midwest,150764.3581,Year,Y,Certified
EZYV00362,Asia,Bachelor's,N,N,18257,1970,South,151442.7397,Year,Y,Certified
EZYV00363,Asia,Master's,Y,N,6438,1972,West,11384.0729,Year,Y,Certified
EZYV00364,Asia,Master's,Y,N,48574,1968,Midwest,148565.0259,Year,Y,Certified
EZYV00365,Europe,Bachelor's,N,N,39292,1967,West,36625.4848,Year,Y,Denied
EZYV00366,Asia,Bachelor's,Y,N,55824,1961,Midwest,94430.9886,Year,Y,Certified
EZYV00367,North America,Master's,Y,N,408,1980,West,247423.0281,Year,Y,Certified
EZYV00368,Europe,Master's,Y,N,37871,2003,West,130596.9397,Year,Y,Certified
EZYV00369,Asia,Bachelor's,Y,N,33630,1969,South,8740.1657,Year,N,Certified
EZYV00370,South America,Bachelor's,N,N,37423,1979,South,87045.0188,Week,Y,Denied
EZYV00371,North America,Doctorate,N,N,59382,2018,Midwest,167790.3601,Year,Y,Certified
EZYV00372,Asia,High School,Y,Y,23409,1970,Northeast,56304.5516,Year,Y,Certified
EZYV00373,Asia,Master's,N,N,8474,2019,Midwest,241119.4194,Year,Y,Denied
EZYV00374,Asia,Bachelor's,N,N,763,1990,South,106438.3657,Year,Y,Denied
EZYV00375,Asia,Master's,Y,N,29528,2003,West,5467.6092,Year,Y,Certified
EZYV00376,Asia,Bachelor's,Y,N,10448,1979,South,135233.4279,Year,Y,Certified
EZYV00377,Africa,High School,Y,N,8479,1979,Midwest,169112.1682,Week,Y,Certified
EZYV00378,Asia,Doctorate,N,N,8859,1983,Northeast,114106.596,Year,Y,Certified
EZYV00379,Asia,Bachelor's,Y,N,16629,1967,South,232057.0758,Year,Y,Denied
EZYV00380,North America,Doctorate,Y,N,6966,1978,Midwest,225502.6554,Hour,Y,Certified
EZYV00381,Europe,Bachelor's,N,N,29162,2013,Northeast,34912.2263,Year,Y,Denied
EZYV00382,Africa,Master's,N,N,39248,1960,Northeast,20171.0522,Year,Y,Certified
EZYV00383,North America,Doctorate,N,N,17370,1994,Midwest,78214.7876,Year,Y,Certified
EZYV00384,Asia,Master's,N,N,8193,2001,Midwest,152111.539,Year,Y,Certified
EZYV00385,Asia,Bachelor's,Y,N,34351,1968,Northeast,150478.5095,Year,Y,Certified
EZYV00386,Oceania,Master's,N,N,5151,1966,West,68056.4463,Year,Y,Certified
EZYV00387,North America,Master's,Y,N,44259,1993,Northeast,237784.9166,Year,Y,Certified
EZYV00388,Africa,Doctorate,Y,N,22964,1973,Northeast,76971.4628,Year,Y,Certified
EZYV00389,Asia,Bachelor's,N,N,24606,2018,West,201089.0191,Year,Y,Certified
EZYV00390,South America,Bachelor's,Y,Y,14952,1971,Northeast,208028.6491,Year,Y,Certified
EZYV00391,Europe,Bachelor's,Y,N,16980,1967,South,24789.0677,Year,Y,Certified
EZYV00392,Asia,Master's,N,N,8764,1979,Northeast,58291.7175,Year,Y,Certified
EZYV00393,Europe,Doctorate,Y,N,33487,1979,Midwest,53954.8387,Year,Y,Certified
EZYV00394,Europe,High School,Y,N,8780,1969,South,229928.8989,Year,N,Certified
EZYV00395,Asia,Master's,N,N,40837,1999,Northeast,87906.01,Year,Y,Denied
EZYV00396,Asia,Doctorate,N,N,15383,1980,Midwest,209150.5391,Year,Y,Certified
EZYV00397,South America,High School,N,N,33932,1991,Midwest,119608.8969,Year,Y,Denied
EZYV00398,Asia,Bachelor's,Y,N,32217,1974,Northeast,114413.3172,Year,Y,Certified
EZYV00399,Asia,Master's,Y,N,38010,1965,Midwest,225874.6551,Year,Y,Certified
EZYV00400,Asia,Master's,N,N,45489,1963,Northeast,110337.1715,Year,Y,Certified
EZYV00401,Asia,High School,Y,N,33642,1963,South,186264.0089,Year,N,Certified
EZYV00402,Africa,Master's,Y,N,51168,2012,South,106209.4999,Year,Y,Certified
EZYV00403,North America,Master's,Y,N,15551,1975,Northeast,25647.0602,Year,Y,Certified
EZYV00404,Asia,Doctorate,Y,N,45088,1978,West,13463.0797,Year,Y,Certified
EZYV00405,Oceania,Master's,Y,N,20587,1994,South,52218.3962,Year,Y,Certified
EZYV00406,South America,Master's,N,N,37698,1965,Midwest,180622.5554,Year,Y,Certified
EZYV00407,Asia,Master's,N,N,29527,1996,Northeast,93537.7001,Year,Y,Denied
EZYV00408,South America,Bachelor's,Y,N,54458,1991,Northeast,113636.0738,Hour,Y,Certified
EZYV00409,Asia,Master's,N,N,16283,2007,South,25648.7243,Year,Y,Certified
EZYV00410,Oceania,Bachelor's,Y,N,31191,1967,Northeast,155834.7924,Year,Y,Certified
EZYV00411,Europe,Master's,Y,N,9881,1961,Midwest,200901.363,Week,Y,Denied
EZYV00412,Europe,Bachelor's,N,N,38006,2006,West,156245.8744,Year,Y,Denied
EZYV00413,Asia,Master's,Y,N,2228,1982,West,246156.5976,Year,Y,Denied
EZYV00414,South America,High School,N,N,24706,1963,West,4282.0796,Year,Y,Denied
EZYV00415,Asia,Bachelor's,Y,N,608,1993,Northeast,4114.3228,Year,Y,Certified
EZYV00416,Asia,Bachelor's,Y,N,19653,1987,Northeast,125101.3997,Year,Y,Denied
EZYV00417,Asia,Master's,Y,N,29050,2017,South,66748.7331,Year,N,Certified
EZYV00418,North America,Master's,Y,N,19912,2016,Midwest,171690.2993,Year,Y,Certified
EZYV00419,Asia,High School,N,N,23164,1992,South,198343.8964,Year,Y,Denied
EZYV00420,Africa,Master's,N,N,8911,1969,Northeast,25788.49,Hour,Y,Denied
EZYV00421,Europe,Master's,Y,Y,42881,2004,West,229351.083,Week,N,Certified
EZYV00422,Asia,Bachelor's,Y,Y,47798,1972,Northeast,7674.7499,Year,N,Certified
EZYV00423,Asia,Master's,N,N,27292,2010,South,172163.3012,Year,Y,Certified
EZYV00424,Asia,Bachelor's,N,N,3336,1996,Northeast,96248.2914,Year,Y,Certified
EZYV00425,Europe,Bachelor's,Y,N,3758,1981,South,166926.3154,Year,Y,Certified
EZYV00426,North America,Master's,Y,N,40485,2018,South,24589.5531,Year,Y,Certified
EZYV00427,Asia,High School,Y,N,55736,1990,Midwest,234282.6638,Year,Y,Certified
EZYV00428,South America,Master's,Y,N,51869,1983,West,234364.6033,Year,Y,Certified
EZYV00429,Asia,Doctorate,Y,N,24338,1971,Northeast,129946.3234,Hour,N,Certified
EZYV00430,North America,Master's,Y,N,29853,1998,West,127494.2166,Year,Y,Certified
EZYV00431,Africa,Master's,Y,N,9797,1976,West,158775.0853,Year,Y,Certified
EZYV00432,North America,Master's,Y,N,4225,1969,West,145101.2238,Year,Y,Certified
EZYV00433,Europe,Doctorate,Y,N,45950,1967,Midwest,135977.9324,Year,Y,Certified
EZYV00434,South America,Bachelor's,N,N,25713,1998,West,147379.949,Year,Y,Denied
EZYV00435,Asia,High School,N,N,29819,2015,Northeast,214685.817,Year,Y,Denied
EZYV00436,Asia,Master's,Y,N,20603,1975,South,152844.4815,Year,N,Certified
EZYV00437,Asia,Bachelor's,Y,N,18799,1973,South,49119.4218,Year,Y,Certified
EZYV00438,Asia,Bachelor's,Y,N,59132,1996,South,228495.2277,Year,Y,Certified
EZYV00439,North America,High School,N,N,48975,1968,Midwest,54146.9625,Year,Y,Denied
EZYV00440,Europe,Master's,Y,N,41480,1965,West,41457.3914,Year,Y,Certified
EZYV00441,South America,Bachelor's,Y,N,23358,1998,South,249265.0457,Year,Y,Certified
EZYV00442,Asia,Bachelor's,N,N,43285,1991,Midwest,53511.4903,Year,Y,Certified
EZYV00443,North America,High School,N,N,20363,1961,West,25203.321,Year,Y,Denied
EZYV00444,Asia,Bachelor's,N,N,30956,1974,Northeast,140589.4013,Year,Y,Denied
EZYV00445,Asia,Master's,Y,N,8714,1971,Midwest,206832.9972,Year,Y,Certified
EZYV00446,North America,Bachelor's,Y,N,42569,2000,South,15375.5298,Year,Y,Certified
EZYV00447,Oceania,Master's,N,N,3643,1999,South,122628.023,Year,Y,Certified
EZYV00448,Europe,Master's,Y,N,43358,2004,South,17311.8846,Year,N,Certified
EZYV00449,Asia,Bachelor's,N,N,36227,1965,Midwest,107287.0412,Year,Y,Denied
EZYV00450,Europe,Master's,N,N,3995,2010,Northeast,86121.2402,Year,N,Denied
EZYV00451,Asia,Master's,Y,N,30373,1972,South,34454.9286,Year,N,Certified
EZYV00452,South America,Master's,Y,N,13368,2019,West,232769.0517,Year,Y,Certified
EZYV00453,North America,High School,Y,N,28575,2012,Midwest,158794.7675,Year,Y,Denied
EZYV00454,Asia,High School,Y,N,792,1987,Northeast,210795.4639,Year,Y,Certified
EZYV00455,Asia,Doctorate,N,N,43312,2007,Northeast,226504.9434,Hour,Y,Certified
EZYV00456,Asia,Master's,N,N,30595,2000,Midwest,232560.2957,Year,Y,Denied
EZYV00457,Oceania,Doctorate,Y,N,21746,2006,West,187079.0312,Year,Y,Certified
EZYV00458,Asia,Doctorate,N,N,52549,1961,South,76875.6891,Week,Y,Denied
EZYV00459,North America,High School,Y,N,38701,1965,South,207267.3682,Year,Y,Denied
EZYV00460,Europe,Master's,N,N,36579,2014,South,130141.6913,Year,Y,Certified
EZYV00461,Europe,Bachelor's,Y,N,8840,2006,West,68059.1497,Year,Y,Certified
EZYV00462,Asia,Master's,N,Y,30019,1996,West,96566.2977,Year,Y,Certified
EZYV00463,Africa,High School,N,N,42041,1978,West,75445.638,Year,Y,Denied
EZYV00464,Asia,Bachelor's,Y,N,55559,1985,Northeast,116657.7692,Hour,Y,Certified
EZYV00465,Europe,Master's,Y,N,36260,1983,Midwest,195377.5175,Year,Y,Certified
EZYV00466,Europe,Master's,N,N,10345,1986,Northeast,121319.862,Year,Y,Certified
EZYV00467,Europe,Master's,Y,N,40682,1997,Midwest,67111.0728,Year,Y,Certified
EZYV00468,Africa,Bachelor's,N,N,4490,2005,Northeast,22033.2881,Year,N,Denied
EZYV00469,Asia,Bachelor's,N,N,18786,1983,Northeast,213967.8706,Year,Y,Certified
EZYV00470,Asia,Doctorate,N,N,55039,2010,Northeast,104458.678,Year,Y,Certified
EZYV00471,Asia,Bachelor's,Y,N,48110,1965,Northeast,110592.2518,Year,Y,Certified
EZYV00472,Asia,Bachelor's,N,Y,54168,2008,South,190977.6482,Year,Y,Certified
EZYV00473,Asia,Master's,N,Y,21155,2000,West,212461.6787,Hour,Y,Certified
EZYV00474,Asia,Bachelor's,Y,Y,40983,1990,Midwest,127883.998,Year,Y,Certified
EZYV00475,Asia,Master's,Y,N,42006,1982,South,158165.4849,Year,Y,Certified
EZYV00476,Asia,Bachelor's,Y,N,14770,1982,South,59941.3438,Year,Y,Certified
EZYV00477,Asia,Master's,N,N,56557,1981,South,233779.9728,Year,Y,Certified
EZYV00478,Europe,Doctorate,Y,N,58186,2016,West,142066.7328,Year,Y,Certified
EZYV00479,Europe,Doctorate,Y,N,6634,1961,Northeast,179957.3016,Month,Y,Certified
EZYV00480,Asia,Master's,Y,N,45924,1998,South,28730.421,Year,Y,Certified
EZYV00481,Asia,Bachelor's,N,N,26869,2019,Northeast,159302.8539,Year,N,Certified
EZYV00482,Asia,Master's,Y,N,40438,1992,Northeast,92363.6556,Year,Y,Certified
EZYV00483,Europe,Master's,N,N,33271,1998,West,112625.7312,Year,Y,Certified
EZYV00484,Asia,Master's,N,N,13386,1995,Northeast,170604.0757,Year,Y,Certified
EZYV00485,Asia,Master's,N,N,5771,1990,Northeast,199122.6203,Year,Y,Certified
EZYV00486,Asia,Master's,N,N,30792,1997,Midwest,87471.4365,Year,Y,Certified
EZYV00487,Asia,Master's,Y,N,50235,2014,Northeast,218334.5657,Year,Y,Certified
EZYV00488,Asia,Master's,N,N,49357,2002,West,54903.778,Year,Y,Certified
EZYV00489,Europe,Bachelor's,Y,N,16497,2010,South,140811.9787,Year,N,Certified
EZYV00490,Europe,Bachelor's,N,N,51617,1993,Midwest,37986.117,Hour,Y,Denied
EZYV00491,North America,Master's,Y,N,21365,2006,West,72454.5931,Year,Y,Certified
EZYV00492,Europe,High School,N,N,33692,2012,Northeast,223873.7851,Year,Y,Denied
EZYV00493,Europe,Master's,N,N,19472,1972,Midwest,3086.8827,Hour,Y,Certified
EZYV00494,Asia,Master's,Y,N,31374,2011,South,228919.6749,Hour,Y,Certified
EZYV00495,North America,Bachelor's,N,Y,31770,2001,South,82234.8281,Year,Y,Certified
EZYV00496,Asia,Master's,Y,N,41865,1986,West,174009.6959,Year,Y,Certified
EZYV00497,Asia,Master's,Y,Y,28319,2006,West,23111.2299,Year,Y,Certified
EZYV00498,Europe,Master's,Y,Y,31702,1970,South,160389.6113,Year,Y,Certified
EZYV00499,Asia,Bachelor's,Y,N,39085,2001,South,227383.4277,Year,Y,Certified
EZYV00500,Asia,Master's,N,N,25069,1994,Northeast,138889.441,Year,Y,Certified
EZYV00501,North America,Bachelor's,N,N,31471,2013,West,90657.9503,Year,Y,Denied
EZYV00502,South America,Master's,Y,N,5138,1997,Midwest,198435.6895,Year,Y,Certified
EZYV00503,Africa,High School,Y,N,52191,1991,South,178238.811,Year,Y,Certified
EZYV00504,Asia,Master's,N,N,7576,1991,Island,29599.6017,Year,N,Certified
EZYV00505,Asia,Master's,N,N,52379,1993,Northeast,166492.2439,Year,Y,Certified
EZYV00506,North America,Master's,Y,N,45620,2013,West,166231.0304,Year,N,Certified
EZYV00507,Asia,Bachelor's,N,N,56860,2007,Midwest,188029.9076,Year,Y,Denied
EZYV00508,South America,Master's,Y,N,1494,1965,West,79213.4549,Year,Y,Certified
EZYV00509,Asia,Master's,N,N,13041,1991,Northeast,100439.2398,Year,Y,Certified
EZYV00510,Asia,Bachelor's,Y,Y,3152,1977,South,240017.5065,Year,Y,Certified
EZYV00511,Asia,Doctorate,N,N,25063,1969,Northeast,143449.5388,Hour,Y,Certified
EZYV00512,South America,Master's,Y,N,54280,2011,West,127224.5433,Year,Y,Certified
EZYV00513,Asia,Doctorate,Y,N,45979,2011,Island,246715.0531,Year,Y,Certified
EZYV00514,Asia,Doctorate,N,N,42244,2016,South,57543.4964,Year,Y,Certified
EZYV00515,Asia,Doctorate,Y,N,50906,1983,Northeast,99604.6401,Year,Y,Certified
EZYV00516,Asia,Master's,Y,N,267,1985,Northeast,190018.9137,Year,Y,Certified
EZYV00517,Asia,Master's,N,N,47263,2006,West,178332.5252,Year,N,Certified
EZYV00518,North America,Bachelor's,N,N,18732,1971,West,241681.8206,Year,Y,Certified
EZYV00519,Asia,Master's,Y,N,41460,1963,Northeast,163644.2251,Year,Y,Certified
EZYV00520,South America,Master's,Y,N,45802,1985,West,78411.1243,Year,Y,Certified
EZYV00521,South America,Master's,N,N,41149,1997,Northeast,99533.4614,Year,Y,Denied
EZYV00522,Asia,Master's,Y,N,25064,1987,West,22610.2884,Hour,Y,Certified
EZYV00523,Asia,Bachelor's,Y,Y,36701,1972,South,230945.3205,Year,Y,Certified
EZYV00524,Europe,Bachelor's,Y,N,28135,1991,Northeast,32341.2721,Week,N,Certified
EZYV00525,Asia,Master's,Y,Y,37704,2016,West,136516.7903,Year,Y,Certified
EZYV00526,Asia,Bachelor's,N,N,27536,1976,West,100468.5021,Year,Y,Denied
EZYV00527,Africa,Bachelor's,Y,N,23652,1984,South,33729.0585,Year,Y,Certified
EZYV00528,Oceania,Bachelor's,Y,Y,12140,1978,West,73389.465,Year,Y,Certified
EZYV00529,North America,Master's,Y,N,23255,1977,South,158465.5402,Year,Y,Certified
EZYV00530,Asia,Bachelor's,Y,N,43287,1999,South,8006.6225,Year,Y,Certified
EZYV00531,Europe,High School,Y,N,52216,1982,Midwest,241504.1854,Month,Y,Certified
EZYV00532,North America,High School,N,N,6193,1997,Midwest,227292.0854,Year,Y,Certified
EZYV00533,Asia,Bachelor's,N,N,10980,1961,Northeast,21333.4413,Year,Y,Denied
EZYV00534,Europe,Bachelor's,Y,N,30442,1999,Midwest,217114.7164,Year,N,Denied
EZYV00535,Asia,Master's,Y,N,42159,1966,West,82277.0904,Year,Y,Certified
EZYV00536,Asia,Master's,Y,N,10209,1982,Northeast,17062.6112,Year,Y,Certified
EZYV00537,Asia,Bachelor's,Y,N,19502,2012,South,76666.986,Year,Y,Certified
EZYV00538,Asia,Master's,N,N,2806,1980,Northeast,202260.0961,Year,Y,Denied
EZYV00539,Asia,Bachelor's,Y,N,3169,2001,West,166524.6968,Year,Y,Certified
EZYV00540,South America,Bachelor's,N,Y,8607,1981,Midwest,59792.1882,Year,Y,Certified
EZYV00541,Oceania,Doctorate,N,N,43754,2014,South,179850.2838,Year,Y,Certified
EZYV00542,Europe,Master's,Y,N,52162,2017,South,177013.7144,Year,Y,Certified
EZYV00543,South America,Doctorate,N,N,29938,2014,Northeast,185766.7686,Year,Y,Certified
EZYV00544,Oceania,Bachelor's,Y,N,10581,1983,South,135256.0356,Year,Y,Certified
EZYV00545,Asia,Bachelor's,Y,N,55287,1979,West,204772.6239,Year,Y,Certified
EZYV00546,Asia,Bachelor's,N,N,16712,1996,Northeast,160412.282,Year,Y,Certified
EZYV00547,Asia,Bachelor's,Y,N,9294,2009,South,31524.7226,Hour,Y,Denied
EZYV00548,Asia,Doctorate,Y,N,8298,1991,South,202601.9457,Year,Y,Certified
EZYV00549,North America,Bachelor's,N,N,21193,2004,West,81077.2726,Year,Y,Certified
EZYV00550,Asia,Master's,Y,N,44136,2012,West,176317.6726,Year,N,Certified
EZYV00551,Asia,Master's,N,N,23835,2005,West,168847.9002,Year,Y,Certified
EZYV00552,Asia,Master's,Y,Y,26735,1982,South,84110.9478,Year,Y,Certified
EZYV00553,Asia,Bachelor's,N,N,20426,1974,West,40588.5779,Hour,N,Denied
EZYV00554,Africa,Master's,Y,Y,56618,1986,West,173800.5304,Year,Y,Certified
EZYV00555,Asia,Bachelor's,Y,N,41020,1994,West,212286.0336,Year,N,Certified
EZYV00556,Asia,Master's,Y,Y,39864,2010,West,209590.183,Year,Y,Denied
EZYV00557,Asia,Bachelor's,N,N,26265,1978,Midwest,156700.9095,Year,Y,Denied
EZYV00558,Asia,Doctorate,Y,N,31890,1969,Northeast,57006.336,Year,Y,Certified
EZYV00559,Europe,Master's,N,N,53101,1978,Northeast,79189.2498,Year,N,Certified
EZYV00560,Asia,Master's,Y,N,39403,1995,Midwest,188705.9947,Year,Y,Certified
EZYV00561,Asia,Master's,Y,N,48829,1973,Northeast,102831.3116,Year,Y,Certified
EZYV00562,Asia,Master's,Y,N,2439,1983,Midwest,183177.8551,Year,Y,Certified
EZYV00563,South America,Doctorate,Y,Y,51576,1975,West,77500.6081,Year,Y,Certified
EZYV00564,Europe,Bachelor's,N,N,57040,2019,Midwest,1778.298,Year,Y,Denied
EZYV00565,Europe,Doctorate,Y,N,40091,1990,West,150951.8182,Year,Y,Certified
EZYV00566,Europe,Master's,N,N,57386,2003,Midwest,150308.9055,Year,Y,Denied
EZYV00567,North America,Master's,Y,N,34070,1991,West,156963.1598,Year,Y,Certified
EZYV00568,Asia,Bachelor's,Y,N,16579,1960,South,67192.7718,Year,Y,Certified
EZYV00569,Asia,Master's,N,Y,36383,1975,South,202805.5234,Year,Y,Certified
EZYV00570,Asia,Bachelor's,N,N,37703,2010,Northeast,121969.2163,Year,Y,Denied
EZYV00571,Asia,Master's,N,N,8689,1990,Northeast,190644.4997,Year,Y,Denied
EZYV00572,South America,Bachelor's,Y,N,12126,2002,Midwest,152851.1474,Year,Y,Certified
EZYV00573,Asia,Bachelor's,N,N,17494,2005,Northeast,104134.4895,Year,N,Certified
EZYV00574,North America,Bachelor's,N,N,32855,1993,West,169970.7863,Year,Y,Certified
EZYV00575,South America,Bachelor's,Y,Y,8892,1994,South,143829.3435,Year,Y,Certified
EZYV00576,Asia,Bachelor's,N,N,46250,1974,South,127775.6411,Year,Y,Certified
EZYV00577,Africa,Master's,Y,N,6581,1974,Island,162210.4194,Year,Y,Certified
EZYV00578,Europe,Bachelor's,N,N,56390,1968,Northeast,21667.5563,Year,Y,Denied
EZYV00579,South America,Master's,N,Y,40553,1977,West,227583.2201,Year,Y,Certified
EZYV00580,Asia,High School,N,Y,20362,1997,South,83903.4951,Year,Y,Denied
EZYV00581,Asia,Master's,N,N,22361,2015,Northeast,56328.3023,Year,Y,Certified
EZYV00582,Asia,Master's,N,Y,41614,1986,Northeast,192994.7301,Year,Y,Certified
EZYV00583,Asia,Bachelor's,N,N,5340,1996,West,57959.2274,Month,Y,Denied
EZYV00584,Asia,Master's,Y,N,42989,2011,Northeast,248943.2519,Year,Y,Certified
EZYV00585,Africa,Doctorate,Y,N,33136,2000,West,105239.0369,Year,Y,Certified
EZYV00586,Europe,Master's,Y,N,13280,1975,West,74296.7773,Year,N,Certified
EZYV00587,Asia,Bachelor's,Y,N,53839,1976,Northeast,15703.8551,Year,Y,Certified
EZYV00588,Asia,Bachelor's,N,N,37747,1998,South,10642.6835,Year,Y,Denied
EZYV00589,Asia,Master's,N,N,9832,1977,Northeast,23966.1122,Year,Y,Certified
EZYV00590,Asia,Bachelor's,Y,N,39330,1974,West,1457.2006,Year,Y,Certified
EZYV00591,Africa,Master's,Y,N,24682,1995,South,81907.0769,Year,Y,Certified
EZYV00592,Asia,Bachelor's,N,Y,45848,1998,Northeast,77751.5091,Year,Y,Certified
EZYV00593,Asia,Master's,Y,N,29534,1975,South,107636.918,Year,Y,Certified
EZYV00594,Europe,High School,N,N,59996,1962,South,58384.1462,Year,N,Denied
EZYV00595,Asia,High School,N,N,55640,2006,West,15872.7413,Year,Y,Denied
EZYV00596,Asia,Doctorate,Y,N,2428,1983,Northeast,17976.3995,Year,Y,Certified
EZYV00597,North America,Master's,Y,N,24666,1997,Northeast,45700.1646,Year,Y,Certified
EZYV00598,Europe,Doctorate,Y,N,12150,1970,South,79284.0638,Year,Y,Certified
EZYV00599,Oceania,Doctorate,Y,N,27023,1978,West,37168.4141,Year,Y,Certified
EZYV00600,Europe,Bachelor's,Y,N,8717,1996,West,91406.4323,Year,Y,Certified
EZYV00601,Asia,Bachelor's,Y,N,32147,1967,Northeast,230570.5943,Year,Y,Certified
EZYV00602,North America,Bachelor's,Y,N,9278,1979,Northeast,65548.4318,Year,Y,Certified
EZYV00603,Africa,Master's,Y,N,37394,2003,West,42266.1494,Year,Y,Certified
EZYV00604,North America,Bachelor's,Y,N,27263,2006,Northeast,166261.108,Year,Y,Certified
EZYV00605,Africa,Doctorate,N,N,59581,1981,South,122822.0833,Year,Y,Certified
EZYV00606,North America,High School,Y,N,52714,1966,South,12004.0531,Year,Y,Certified
EZYV00607,South America,Bachelor's,N,N,36018,1961,Northeast,196994.2713,Year,Y,Certified
EZYV00608,Asia,Bachelor's,Y,N,26931,1993,South,178892.6744,Hour,Y,Denied
EZYV00609,North America,Bachelor's,Y,N,42956,2001,Northeast,244329.1308,Year,Y,Certified
EZYV00610,Asia,Bachelor's,Y,N,40113,1995,West,234588.9936,Year,Y,Certified
EZYV00611,Europe,Master's,N,N,8372,1984,Northeast,146145.2237,Year,Y,Certified
EZYV00612,Europe,Bachelor's,Y,N,22599,1961,South,171568.1191,Year,Y,Denied
EZYV00613,Africa,Master's,Y,N,59530,1973,South,102494.8046,Year,Y,Certified
EZYV00614,Oceania,Doctorate,Y,N,19190,1962,Northeast,222139.1032,Year,Y,Certified
EZYV00615,Asia,Master's,N,Y,809,1987,West,138291.6445,Year,N,Certified
EZYV00616,North America,Master's,Y,N,50056,1978,West,81522.7213,Year,Y,Certified
EZYV00617,North America,Bachelor's,Y,Y,55971,1964,Midwest,2570.9747,Year,Y,Denied
EZYV00618,Asia,Bachelor's,N,Y,39338,1996,Northeast,146695.1513,Year,Y,Certified
EZYV00619,Asia,Bachelor's,Y,N,38104,1982,Northeast,131453.3859,Year,Y,Certified
EZYV00620,Asia,Doctorate,Y,N,21063,2017,South,203006.919,Year,Y,Certified
EZYV00621,North America,Master's,N,N,21572,1985,Midwest,46913.7557,Year,Y,Denied
EZYV00622,Asia,Bachelor's,Y,N,54850,1965,South,203887.2367,Year,Y,Certified
EZYV00623,Oceania,Bachelor's,Y,N,51485,2002,South,4017.8458,Year,Y,Certified
EZYV00624,Asia,Master's,Y,N,29918,2002,West,146910.8817,Hour,Y,Denied
EZYV00625,Oceania,Master's,Y,N,18796,2015,Northeast,99333.7298,Hour,Y,Certified
EZYV00626,Asia,Master's,N,N,11308,2001,South,83013.8262,Year,Y,Certified
EZYV00627,North America,Doctorate,N,N,668,1981,South,108437.3326,Year,Y,Denied
EZYV00628,Asia,Master's,N,N,29001,2000,West,56053.1533,Year,Y,Certified
EZYV00629,Europe,Master's,Y,N,33238,2007,West,46019.7281,Year,Y,Certified
EZYV00630,North America,Bachelor's,N,N,40486,1990,South,201315.6996,Year,Y,Denied
EZYV00631,Africa,Bachelor's,N,N,48308,2007,West,57094.0234,Year,Y,Denied
EZYV00632,South America,Doctorate,Y,N,22036,2018,South,184295.6042,Year,Y,Certified
EZYV00633,Asia,Master's,N,N,10020,2005,Northeast,177897.864,Year,Y,Denied
EZYV00634,Asia,Bachelor's,Y,N,50629,1990,Midwest,8543.4238,Year,Y,Certified
EZYV00635,Asia,Master's,N,N,45751,1989,West,220291.8906,Year,Y,Certified
EZYV00636,Asia,High School,Y,Y,31995,2010,Midwest,197380.9115,Year,Y,Denied
EZYV00637,Europe,Master's,Y,N,2364,2012,West,199057.5989,Year,Y,Certified
EZYV00638,North America,Bachelor's,N,N,28073,1975,Northeast,202335.9248,Year,Y,Certified
EZYV00639,North America,Master's,N,N,37162,1960,South,145721.7966,Year,Y,Certified
EZYV00640,South America,Master's,Y,N,51524,2008,South,248346.5405,Year,Y,Certified
EZYV00641,North America,Bachelor's,Y,N,30498,1974,Northeast,44952.2047,Year,Y,Certified
EZYV00642,North America,High School,N,N,27783,2019,South,18269.5155,Year,Y,Certified
EZYV00643,Asia,Master's,Y,N,22807,1962,South,176101.0346,Year,Y,Certified
EZYV00644,Asia,Bachelor's,Y,Y,24873,2014,Northeast,73625.5219,Year,Y,Certified
EZYV00645,Europe,High School,N,N,997,2000,Midwest,152136.6593,Year,Y,Denied
EZYV00646,South America,Master's,Y,N,6236,1978,Northeast,98047.0629,Year,N,Certified
EZYV00647,Asia,Bachelor's,Y,N,45379,1962,South,83514.3348,Year,Y,Certified
EZYV00648,Asia,Bachelor's,Y,N,21759,2010,West,223333.5064,Year,Y,Certified
EZYV00649,Europe,Bachelor's,N,N,51051,1967,West,35682.456,Year,Y,Denied
EZYV00650,Asia,Master's,Y,N,23831,1965,Northeast,47408.6165,Year,N,Certified
EZYV00651,Asia,Bachelor's,N,N,59811,2007,West,167026.645,Year,N,Certified
EZYV00652,South America,Bachelor's,N,N,10849,2000,West,195693.733,Year,Y,Denied
EZYV00653,Europe,Bachelor's,N,N,11296,1967,Midwest,208087.1801,Year,Y,Denied
EZYV00654,Asia,Bachelor's,Y,N,35275,1980,South,57941.1991,Year,Y,Certified
EZYV00655,South America,Bachelor's,Y,N,48163,1999,Northeast,220551.9319,Year,Y,Certified
EZYV00656,Asia,High School,Y,N,8643,1999,West,152465.754,Year,Y,Denied
EZYV00657,South America,Bachelor's,N,N,30179,1981,Northeast,205839.961,Year,Y,Denied
EZYV00658,Asia,Bachelor's,N,Y,13433,1984,West,17316.7807,Year,Y,Certified
EZYV00659,Europe,Master's,N,N,44234,1964,West,89352.2051,Year,Y,Certified
EZYV00660,Asia,High School,Y,N,33672,1960,West,131311.0233,Year,Y,Certified
EZYV00661,Asia,Bachelor's,Y,N,39259,2018,Midwest,144323.8667,Year,Y,Certified
EZYV00662,South America,Doctorate,N,N,16149,1973,West,24948.0742,Hour,Y,Certified
EZYV00663,Asia,Doctorate,Y,N,17342,2015,Midwest,134756.8295,Year,Y,Certified
EZYV00664,Asia,Master's,N,N,38385,1962,West,166438.511,Year,Y,Certified
EZYV00665,Asia,Bachelor's,Y,Y,21185,2019,Northeast,90526.4524,Year,Y,Certified
EZYV00666,North America,Bachelor's,N,N,41435,1985,West,125284.6632,Year,Y,Certified
EZYV00667,North America,Bachelor's,N,N,9251,2008,West,73283.0921,Year,Y,Certified
EZYV00668,Oceania,Bachelor's,Y,N,18087,2010,Midwest,217650.9679,Year,Y,Denied
EZYV00669,Asia,Bachelor's,Y,N,6114,1981,Northeast,149881.8104,Year,Y,Certified
EZYV00670,Asia,Master's,N,N,5256,2004,South,137908.2193,Year,Y,Certified
EZYV00671,Asia,Bachelor's,Y,N,15756,1980,Midwest,236100.485,Year,Y,Certified
EZYV00672,Europe,Master's,Y,N,29374,2007,Northeast,166299.8946,Year,Y,Certified
EZYV00673,Oceania,Bachelor's,Y,N,8678,2017,West,70099.8957,Year,Y,Denied
EZYV00674,North America,Bachelor's,Y,N,5587,2008,South,160509.9197,Year,N,Certified
EZYV00675,Europe,Master's,N,N,52638,2003,Northeast,240413.5395,Year,Y,Denied
EZYV00676,Asia,Master's,Y,Y,30921,1982,Northeast,6084.8523,Year,Y,Certified
EZYV00677,Africa,Bachelor's,Y,N,42938,1966,Midwest,156722.4336,Year,Y,Certified
EZYV00678,Asia,Master's,N,N,43577,1990,Northeast,39377.3732,Year,Y,Certified
EZYV00679,Asia,Bachelor's,Y,N,6109,1967,West,204151.5859,Year,Y,Certified
EZYV00680,Asia,High School,Y,N,37225,1990,West,160242.9955,Year,N,Denied
EZYV00681,Asia,Master's,N,N,51642,2012,West,234259.9753,Year,Y,Certified
EZYV00682,Asia,Bachelor's,N,Y,26904,1966,South,167460.55,Year,Y,Certified
EZYV00683,Asia,Bachelor's,N,N,51723,2014,Northeast,4501.2795,Year,Y,Certified
EZYV00684,Asia,Bachelor's,N,N,56752,1995,West,127686.3903,Year,Y,Denied
EZYV00685,Europe,Bachelor's,Y,N,32791,1962,Northeast,225936.2823,Year,Y,Certified
EZYV00686,Asia,High School,Y,Y,6118,2003,South,58229.2904,Hour,Y,Certified
EZYV00687,Asia,Bachelor's,N,N,37053,1960,Midwest,20907.5218,Year,Y,Certified
EZYV00688,Africa,Doctorate,N,N,52801,1996,South,180027.9897,Year,Y,Certified
EZYV00689,North America,Master's,Y,Y,34765,1990,Northeast,125726.64,Hour,Y,Certified
EZYV00690,Asia,Bachelor's,Y,N,48010,2004,Midwest,12089.2963,Year,Y,Certified
EZYV00691,Asia,High School,Y,N,32128,1982,Northeast,70122.8251,Year,Y,Denied
EZYV00692,South America,Master's,Y,N,25193,1967,Northeast,81821.8122,Year,Y,Certified
EZYV00693,Asia,High School,N,N,56735,1983,South,167031.7972,Year,Y,Denied
EZYV00694,Asia,Master's,N,Y,9184,2005,West,118005.7351,Year,Y,Certified
EZYV00695,Africa,Master's,Y,N,26864,2017,Midwest,121900.1436,Year,Y,Certified
EZYV00696,Asia,Bachelor's,Y,N,9364,1972,West,201689.6042,Year,Y,Certified
EZYV00697,North America,Bachelor's,Y,N,39288,1981,Midwest,69748.5912,Year,N,Certified
EZYV00698,Europe,High School,Y,N,55309,2012,Northeast,168208.6708,Year,N,Certified
EZYV00699,Europe,High School,N,N,59867,1978,West,92015.8147,Year,Y,Certified
EZYV00700,Asia,Bachelor's,Y,N,14033,1974,Northeast,104708.8379,Year,Y,Certified
EZYV00701,Asia,Doctorate,Y,Y,43660,2009,Midwest,139064.4228,Year,Y,Certified
EZYV00702,Asia,Bachelor's,N,Y,52448,1989,Midwest,173972.5718,Year,Y,Denied
EZYV00703,Asia,Master's,N,N,50025,1994,South,236309.7762,Year,Y,Denied
EZYV00704,South America,Master's,Y,N,30205,1989,Midwest,67398.9884,Year,Y,Certified
EZYV00705,Asia,High School,Y,N,10481,1996,West,26115.5559,Year,N,Denied
EZYV00706,Europe,Bachelor's,Y,N,27712,1976,Northeast,107312.2223,Year,Y,Certified
EZYV00707,North America,Bachelor's,Y,N,46564,2003,West,136769.6565,Year,Y,Certified
EZYV00708,North America,Master's,Y,N,37176,1981,Midwest,57155.3003,Year,Y,Certified
EZYV00709,Asia,Bachelor's,N,N,23305,1991,South,222645.8443,Year,Y,Certified
EZYV00710,Asia,Master's,Y,N,12914,1971,Northeast,199751.9846,Year,Y,Certified
EZYV00711,Oceania,Master's,Y,N,39116,1960,Midwest,123517.2456,Year,Y,Certified
EZYV00712,Europe,Master's,N,N,25710,1994,South,112625.9705,Year,N,Denied
EZYV00713,North America,Doctorate,Y,N,28333,1968,South,10377.1659,Year,Y,Certified
EZYV00714,Africa,Master's,N,N,56309,2014,West,134315.0552,Year,Y,Certified
EZYV00715,North America,Master's,N,Y,562,2017,West,149017.6244,Year,Y,Certified
EZYV00716,Asia,Master's,N,N,14306,1978,South,222929.619,Year,Y,Denied
EZYV00717,Europe,Master's,N,N,55190,1977,Northeast,125374.2968,Year,Y,Certified
EZYV00718,Asia,Master's,N,Y,55296,1990,Midwest,39512.8802,Year,Y,Denied
EZYV00719,Europe,Doctorate,N,N,18160,1972,South,45178.2139,Year,Y,Certified
EZYV00720,Africa,Bachelor's,Y,Y,59652,2011,West,40134.8811,Year,Y,Certified
EZYV00721,Asia,Master's,Y,N,12706,1966,Midwest,234646.0115,Year,Y,Certified
EZYV00722,Asia,Master's,Y,N,3128,1987,Northeast,198388.6365,Year,Y,Certified
EZYV00723,Asia,Master's,Y,N,18437,1971,Midwest,206226.5784,Year,Y,Certified
EZYV00724,Africa,Bachelor's,Y,N,31889,2009,West,210140.293,Hour,Y,Certified
EZYV00725,Asia,Master's,Y,N,375,1968,Midwest,24089.5337,Year,Y,Certified
EZYV00726,Asia,Master's,Y,N,10321,1986,Northeast,175603.7787,Year,Y,Certified
EZYV00727,Asia,Doctorate,Y,N,47457,2010,South,176143.3108,Year,Y,Certified
EZYV00728,Asia,Bachelor's,Y,N,37308,1986,West,56360.4626,Hour,Y,Denied
EZYV00729,Asia,Master's,N,N,36323,1971,Midwest,122768.3094,Year,Y,Denied
EZYV00730,Asia,Master's,Y,N,59372,1969,Island,165675.2349,Year,Y,Certified
EZYV00731,Asia,Doctorate,N,N,13715,1996,South,224354.6419,Year,Y,Certified
EZYV00732,Asia,Doctorate,Y,N,53814,1967,South,27784.2926,Year,Y,Certified
EZYV00733,Asia,Master's,N,N,21321,1981,Northeast,223069.8499,Year,Y,Denied
EZYV00734,Asia,Master's,N,N,55492,1996,West,230619.2587,Year,Y,Certified
EZYV00735,Asia,Bachelor's,Y,Y,46993,1982,Midwest,230917.7367,Year,Y,Certified
EZYV00736,Europe,Doctorate,N,N,12812,2009,West,1407.756,Year,Y,Certified
EZYV00737,Asia,Bachelor's,Y,Y,12575,2001,South,55405.4934,Year,Y,Certified
EZYV00738,Asia,Master's,N,N,32546,1968,Midwest,172873.06,Year,Y,Denied
EZYV00739,Asia,Master's,N,N,30172,2009,Northeast,80570.5973,Year,Y,Certified
EZYV00740,Asia,Bachelor's,Y,N,14101,2014,South,15458.6062,Hour,Y,Certified
EZYV00741,Asia,Bachelor's,N,N,15633,1972,South,190782.9317,Year,Y,Denied
EZYV00742,Asia,Bachelor's,Y,N,53966,1981,South,7342.3297,Year,Y,Denied
EZYV00743,South America,Master's,Y,N,45225,1983,West,111616.1277,Year,Y,Certified
EZYV00744,Asia,Master's,Y,N,11481,1985,West,236904.5075,Year,Y,Certified
EZYV00745,Asia,High School,Y,N,43518,1987,Northeast,110170.16,Year,Y,Certified
EZYV00746,Asia,Master's,Y,N,9250,2013,Northeast,227989.4439,Hour,Y,Certified
EZYV00747,Asia,Bachelor's,N,N,26708,1999,South,102369.2606,Year,Y,Denied
EZYV00748,Asia,Master's,Y,N,744,2013,West,86802.1901,Year,Y,Certified
EZYV00749,North America,Bachelor's,Y,N,38958,1981,South,27024.2241,Year,Y,Certified
EZYV00750,South America,Bachelor's,N,N,10929,1991,South,89651.1091,Year,Y,Certified
EZYV00751,Asia,High School,Y,N,14175,1966,Northeast,84379.2252,Hour,Y,Denied
EZYV00752,Asia,Master's,Y,N,11397,1976,West,211668.4863,Year,Y,Certified
EZYV00753,Asia,Bachelor's,N,N,11016,1995,South,229994.8105,Year,Y,Denied
EZYV00754,Asia,Master's,N,Y,4663,1970,South,5678.1354,Year,Y,Certified
EZYV00755,Europe,Bachelor's,Y,N,33274,2017,South,24744.4514,Year,Y,Certified
EZYV00756,Asia,Bachelor's,Y,N,52066,1976,Northeast,160878.4711,Hour,Y,Certified
EZYV00757,Asia,Bachelor's,N,N,18101,1969,Northeast,121288.7734,Year,Y,Denied
EZYV00758,Africa,Bachelor's,N,N,46803,2006,Northeast,74360.283,Year,Y,Denied
EZYV00759,Asia,Doctorate,Y,Y,32621,1965,West,65124.7835,Year,Y,Certified
EZYV00760,Asia,Bachelor's,Y,N,15280,1979,Northeast,56323.7125,Year,Y,Certified
EZYV00761,North America,Doctorate,Y,N,3715,1971,South,131457.6271,Year,Y,Certified
EZYV00762,Asia,Bachelor's,N,Y,46998,2001,Island,4566.4881,Hour,N,Certified
EZYV00763,Asia,High School,N,N,1389,2010,South,184773.3172,Year,Y,Certified
EZYV00764,Asia,Bachelor's,N,N,25338,1971,South,75236.9244,Year,Y,Denied
EZYV00765,Africa,High School,Y,N,2069,1984,South,106822.4965,Year,Y,Denied
EZYV00766,Asia,Master's,N,N,46534,1988,South,131857.639,Year,Y,Certified
EZYV00767,Asia,Master's,N,N,59389,2001,Northeast,52997.6288,Year,Y,Certified
EZYV00768,Asia,Bachelor's,Y,N,19390,1981,Midwest,220948.9213,Year,N,Certified
EZYV00769,Asia,Master's,N,N,18826,1991,South,170586.8951,Week,Y,Denied
EZYV00770,Europe,Master's,Y,Y,33885,1990,West,217600.0262,Year,Y,Certified
EZYV00771,Asia,Doctorate,Y,N,30126,1960,Midwest,118967.5612,Month,N,Certified
EZYV00772,Europe,Doctorate,N,N,22905,1994,Northeast,108228.6224,Year,Y,Certified
EZYV00773,Europe,Master's,Y,N,21962,1994,West,59438.2136,Year,Y,Certified
EZYV00774,South America,Master's,N,N,11272,2019,Northeast,136301.1222,Year,Y,Certified
EZYV00775,Asia,Master's,Y,N,15056,1990,South,148372.2606,Year,Y,Certified
EZYV00776,South America,Bachelor's,Y,Y,35144,2013,Midwest,105096.8596,Year,Y,Certified
EZYV00777,Europe,Master's,Y,Y,44067,1980,Northeast,36516.5636,Year,Y,Denied
EZYV00778,Asia,High School,Y,N,45053,2001,Island,68421.4947,Year,N,Certified
EZYV00779,North America,Master's,Y,N,30995,2014,West,3760.0271,Year,Y,Certified
EZYV00780,South America,Doctorate,N,N,45190,1969,South,79920.8642,Year,Y,Certified
EZYV00781,Asia,High School,Y,N,35526,1994,Northeast,145273.5924,Year,Y,Certified
EZYV00782,Africa,Master's,Y,N,21387,2015,West,238936.6322,Year,Y,Certified
EZYV00783,Asia,Doctorate,N,N,21211,1993,South,44638.6197,Year,Y,Certified
EZYV00784,Europe,Bachelor's,Y,N,31129,2013,Northeast,14055.0397,Year,Y,Certified
EZYV00785,Oceania,Master's,N,N,18469,1985,South,74218.5597,Year,Y,Denied
EZYV00786,Asia,Doctorate,Y,N,45830,2013,Northeast,39368.065,Year,Y,Certified
EZYV00787,North America,Doctorate,Y,N,11124,1997,Island,173940.6454,Year,Y,Certified
EZYV00788,Asia,Bachelor's,N,N,3284,1988,South,1636.1413,Year,Y,Denied
EZYV00789,North America,Bachelor's,N,N,29476,1972,South,245220.5996,Year,Y,Certified
EZYV00790,Europe,Master's,N,N,4327,1970,West,213945.5355,Hour,Y,Certified
EZYV00791,Asia,Bachelor's,Y,N,11507,1977,West,122769.5139,Year,Y,Certified
EZYV00792,Asia,Bachelor's,Y,N,22582,2005,Midwest,230251.3665,Year,Y,Certified
EZYV00793,Asia,High School,N,Y,265,1988,Midwest,157089.2213,Year,N,Denied
EZYV00794,Asia,Bachelor's,N,Y,13419,1983,Northeast,248442.4662,Month,Y,Denied
EZYV00795,Asia,Master's,N,N,32693,1988,South,69720.8891,Year,N,Certified
EZYV00796,Asia,Master's,Y,N,22488,1980,West,249227.1544,Year,Y,Denied
EZYV00797,Asia,Master's,N,Y,53783,2008,Northeast,45225.7736,Year,Y,Certified
EZYV00798,Asia,Master's,Y,N,5638,1983,West,88483.9082,Year,Y,Certified
EZYV00799,North America,Bachelor's,Y,Y,43187,1988,Northeast,233843.9553,Year,Y,Certified
EZYV00800,North America,Bachelor's,Y,N,35526,1993,Midwest,92761.4629,Year,Y,Certified
EZYV00801,North America,High School,Y,Y,38660,1998,West,52617.127,Year,Y,Certified
EZYV00802,Asia,Bachelor's,N,N,40309,1980,West,15059.8789,Year,Y,Denied
EZYV00803,South America,Bachelor's,Y,N,3155,1964,South,37409.7608,Year,Y,Certified
EZYV00804,Europe,Bachelor's,Y,N,47513,2001,Island,88934.8154,Year,Y,Certified
EZYV00805,Asia,High School,N,N,19891,1993,West,105423.7667,Year,Y,Denied
EZYV00806,Asia,Bachelor's,N,N,39036,1998,West,135704.2934,Year,N,Denied
EZYV00807,Europe,Master's,Y,N,17647,1992,Midwest,203434.281,Year,Y,Certified
EZYV00808,Asia,Master's,N,Y,23791,1990,Northeast,3551.0295,Year,Y,Certified
EZYV00809,Asia,Doctorate,Y,N,42006,2016,Northeast,210310.8096,Year,Y,Certified
EZYV00810,Oceania,Master's,N,N,56096,1963,Northeast,144396.8859,Year,Y,Certified
EZYV00811,Asia,Master's,Y,N,52679,1965,West,189168.219,Year,N,Certified
EZYV00812,Asia,Bachelor's,Y,N,43584,2016,West,189293.4093,Year,Y,Denied
EZYV00813,Oceania,Master's,Y,N,32319,2013,South,225820.0293,Year,N,Certified
EZYV00814,Europe,High School,Y,Y,31667,1984,Midwest,23526.3762,Year,Y,Denied
EZYV00815,Asia,Bachelor's,Y,N,57937,1992,Northeast,142964.519,Year,Y,Certified
EZYV00816,South America,Bachelor's,Y,N,12422,1986,West,227275.5762,Year,Y,Denied
EZYV00817,South America,Bachelor's,N,Y,57245,2019,South,179857.7372,Year,Y,Certified
EZYV00818,Asia,Bachelor's,Y,Y,38943,1987,South,24326.9109,Year,Y,Certified
EZYV00819,Europe,Master's,Y,N,36973,2005,Northeast,153568.2849,Year,Y,Certified
EZYV00820,Asia,Master's,N,N,35509,1981,West,200010.2511,Month,N,Certified
EZYV00821,Asia,Master's,N,N,48751,1982,West,68860.4742,Year,Y,Denied
EZYV00822,Europe,Master's,N,N,41004,2000,South,158196.8101,Year,Y,Certified
EZYV00823,Asia,Master's,Y,N,5703,1983,South,210134.9729,Year,Y,Certified
EZYV00824,Europe,High School,Y,N,46870,1960,West,131061.9656,Year,Y,Certified
EZYV00825,South America,Master's,Y,N,43728,1970,South,48707.9628,Year,N,Certified
EZYV00826,Asia,Master's,Y,Y,54904,2012,West,137510.5941,Year,Y,Certified
EZYV00827,Europe,Bachelor's,Y,N,56189,1982,South,147083.3825,Year,Y,Certified
EZYV00828,Asia,Bachelor's,N,N,56944,1966,Midwest,100832.6225,Year,Y,Denied
EZYV00829,South America,Doctorate,N,N,2580,2016,West,169968.2328,Year,Y,Certified
EZYV00830,Asia,Master's,N,N,37816,2019,Northeast,108446.5571,Year,N,Certified
EZYV00831,Europe,Bachelor's,Y,N,56065,1989,West,219375.7909,Year,Y,Certified
EZYV00832,Europe,Master's,N,N,57957,1997,South,197948.0418,Hour,Y,Denied
EZYV00833,Asia,Bachelor's,Y,N,32964,2005,Midwest,201232.0121,Year,Y,Certified
EZYV00834,Europe,Bachelor's,N,N,54686,1963,West,131613.961,Year,Y,Certified
EZYV00835,North America,Bachelor's,Y,N,52828,1977,Northeast,49247.6856,Year,Y,Certified
EZYV00836,Europe,Bachelor's,Y,Y,171,1993,West,181160.5704,Year,Y,Certified
EZYV00837,North America,Master's,Y,N,53100,1992,Northeast,17416.5536,Year,Y,Certified
EZYV00838,Oceania,High School,N,N,38262,1979,Midwest,129490.2191,Year,Y,Denied
EZYV00839,Asia,Master's,N,N,34429,1960,Midwest,13434.1746,Year,Y,Certified
EZYV00840,Asia,Bachelor's,N,N,10720,2017,West,132198.9881,Hour,Y,Denied
EZYV00841,Asia,Master's,N,N,55121,1996,South,171543.3578,Year,Y,Certified
EZYV00842,North America,Master's,N,N,17722,2005,West,104915.722,Week,Y,Denied
EZYV00843,Asia,Master's,N,N,25078,1986,South,104342.411,Year,Y,Certified
EZYV00844,Asia,Master's,Y,N,17860,1990,Northeast,30873.9038,Year,Y,Certified
EZYV00845,Asia,Doctorate,N,N,58178,1986,Midwest,75602.0314,Year,Y,Certified
EZYV00846,South America,Master's,Y,N,28995,1985,South,111179.5754,Year,Y,Certified
EZYV00847,Asia,Master's,Y,N,6854,2000,South,215917.8222,Year,Y,Certified
EZYV00848,Europe,Master's,Y,N,666,2019,Northeast,224515.3796,Year,Y,Certified
EZYV00849,Asia,Bachelor's,Y,N,58810,2006,Island,238404.3095,Year,N,Certified
EZYV00850,Africa,Bachelor's,N,Y,14159,2000,Midwest,25245.8715,Year,Y,Certified
EZYV00851,Asia,Bachelor's,N,N,46246,1960,South,74193.4607,Hour,Y,Denied
EZYV00852,Asia,Bachelor's,Y,N,1761,1990,Northeast,115835.6471,Year,Y,Certified
EZYV00853,South America,Bachelor's,N,N,53809,2017,West,160507.6073,Year,Y,Certified
EZYV00854,Africa,Bachelor's,Y,N,39038,1983,South,175759.0627,Year,Y,Certified
EZYV00855,Asia,Master's,Y,Y,13496,1992,Midwest,196546.8689,Year,N,Certified
EZYV00856,Asia,Bachelor's,Y,Y,53358,1979,Midwest,124069.2778,Year,Y,Certified
EZYV00857,North America,Master's,Y,N,17879,1971,West,139234.7498,Hour,Y,Certified
EZYV00858,South America,Bachelor's,Y,N,59867,2002,Northeast,240150.5581,Year,Y,Certified
EZYV00859,Asia,Master's,Y,N,35977,1978,West,60159.0643,Year,Y,Certified
EZYV00860,Asia,High School,Y,N,26921,1995,Island,200979.1838,Hour,Y,Denied
EZYV00861,North America,Bachelor's,Y,N,3525,1995,South,178012.145,Year,Y,Certified
EZYV00862,North America,High School,N,N,15619,2010,Midwest,35194.4412,Year,Y,Denied
EZYV00863,North America,Master's,Y,Y,3511,2016,South,231637.6248,Year,Y,Certified
EZYV00864,Europe,Bachelor's,Y,N,51188,1993,Midwest,213867.9678,Year,Y,Certified
EZYV00865,Asia,Doctorate,Y,Y,6023,1963,West,194920.2623,Year,Y,Certified
EZYV00866,Africa,Bachelor's,Y,N,6802,1994,Northeast,31868.0412,Year,Y,Certified
EZYV00867,South America,Master's,Y,Y,7482,2013,South,35089.6987,Year,Y,Certified
EZYV00868,North America,Bachelor's,Y,N,58454,1988,Northeast,170862.9749,Year,Y,Certified
EZYV00869,Asia,Master's,N,N,58234,1993,South,26996.0498,Year,Y,Denied
EZYV00870,Asia,Bachelor's,Y,N,42894,2005,Midwest,28506.2384,Year,Y,Certified
EZYV00871,North America,Bachelor's,N,Y,4438,1986,Northeast,100189.8108,Year,Y,Certified
EZYV00872,Asia,Bachelor's,Y,N,30243,1984,Midwest,1543.3966,Hour,Y,Certified
EZYV00873,Oceania,Bachelor's,Y,N,56905,1988,Northeast,180426.554,Year,Y,Certified
EZYV00874,Asia,Bachelor's,Y,N,5812,2011,West,135143.7069,Year,Y,Certified
EZYV00875,North America,Doctorate,Y,N,47618,1989,Midwest,19727.9025,Year,N,Certified
EZYV00876,South America,Bachelor's,Y,N,1106,1979,West,135986.9706,Hour,N,Denied
EZYV00877,Asia,High School,Y,N,48239,1995,Midwest,13711.1506,Year,Y,Denied
EZYV00878,Asia,Doctorate,Y,N,32678,2001,Island,17859.8873,Year,Y,Certified
EZYV00879,Europe,High School,N,N,53275,2014,West,121469.4543,Year,N,Denied
EZYV00880,Europe,Bachelor's,Y,N,24839,2013,West,125055.848,Year,Y,Certified
EZYV00881,Asia,Master's,Y,N,47122,2006,Northeast,84880.8943,Year,Y,Certified
EZYV00882,Europe,Doctorate,N,N,50562,2006,South,155518.5103,Year,N,Certified
EZYV00883,Africa,Master's,Y,N,19504,1986,South,96962.129,Year,Y,Certified
EZYV00884,Asia,Bachelor's,N,N,38543,1980,Midwest,146822.7526,Year,Y,Certified
EZYV00885,Asia,Doctorate,N,N,27661,1993,West,87576.2774,Year,Y,Certified
EZYV00886,Asia,High School,N,N,25922,2002,West,178798.7478,Year,Y,Denied
EZYV00887,Asia,Doctorate,Y,N,47987,1991,Midwest,144905.6721,Year,Y,Certified
EZYV00888,Asia,Master's,Y,N,13572,1972,Northeast,40178.878,Year,Y,Certified
EZYV00889,Asia,Doctorate,N,Y,7192,1960,Midwest,171629.96,Year,Y,Certified
EZYV00890,Europe,Bachelor's,N,N,28833,1963,Northeast,196027.1934,Year,Y,Certified
EZYV00891,Asia,Bachelor's,N,N,49301,1985,South,16655.3422,Year,Y,Certified
EZYV00892,Africa,Master's,Y,N,9792,2007,West,152568.1567,Year,Y,Certified
EZYV00893,Asia,Master's,Y,Y,20422,2007,South,197649.3281,Year,Y,Certified
EZYV00894,Asia,Master's,Y,N,40025,2008,West,28840.2939,Year,N,Certified
EZYV00895,North America,Doctorate,Y,N,28619,2002,West,225432.7744,Hour,Y,Certified
EZYV00896,South America,Master's,Y,N,36349,1961,Midwest,103816.7368,Year,Y,Certified
EZYV00897,Asia,Bachelor's,N,N,31688,2013,Northeast,184512.3873,Year,Y,Denied
EZYV00898,Asia,Bachelor's,Y,N,48607,2016,Northeast,224782.6517,Hour,N,Certified
EZYV00899,Asia,Bachelor's,N,N,52517,2010,Northeast,247411.3603,Hour,Y,Certified
EZYV00900,Asia,Bachelor's,N,N,26980,1986,South,146064.481,Year,Y,Denied
EZYV00901,Asia,Bachelor's,Y,N,25905,1972,Northeast,176127.6273,Year,Y,Certified
EZYV00902,Asia,Master's,Y,N,16729,2014,South,63074.5786,Year,Y,Certified
EZYV00903,Asia,Master's,N,N,26632,1971,Midwest,72653.5838,Year,Y,Certified
EZYV00904,Asia,Master's,Y,N,50186,2007,Midwest,212722.2028,Hour,Y,Certified
EZYV00905,Africa,Bachelor's,Y,N,30106,2017,Midwest,99681.3271,Year,Y,Certified
EZYV00906,Europe,Master's,N,N,41464,2014,Northeast,205644.0018,Year,Y,Certified
EZYV00907,Asia,Master's,N,N,25113,1991,West,12839.0843,Year,Y,Certified
EZYV00908,Asia,Doctorate,N,N,42406,2010,Northeast,54719.7048,Year,Y,Certified
EZYV00909,Asia,Master's,N,N,42750,2009,South,42689.5034,Year,Y,Certified
EZYV00910,Asia,Master's,Y,N,31692,2018,South,131861.4539,Year,Y,Certified
EZYV00911,North America,Master's,N,Y,56070,1981,Midwest,20316.5308,Year,Y,Denied
EZYV00912,South America,Bachelor's,N,N,52560,1997,West,86098.8353,Year,Y,Certified
EZYV00913,Africa,Master's,N,N,9517,2009,Northeast,246564.0284,Year,Y,Certified
EZYV00914,Oceania,Bachelor's,N,N,13678,1973,West,198595.4407,Year,Y,Certified
EZYV00915,Oceania,Bachelor's,N,N,57288,1973,Midwest,190195.7349,Year,Y,Denied
EZYV00916,Africa,Bachelor's,N,N,24110,1983,Northeast,33951.6519,Year,Y,Denied
EZYV00917,Asia,Master's,Y,N,18633,1981,Midwest,91266.8648,Year,Y,Denied
EZYV00918,Asia,Master's,N,N,47777,2005,Northeast,170210.8752,Year,Y,Certified
EZYV00919,Asia,Master's,Y,Y,36134,2016,Northeast,5601.9843,Year,Y,Certified
EZYV00920,Europe,Bachelor's,N,N,7990,1969,Midwest,108607.3274,Hour,Y,Certified
EZYV00921,Asia,Bachelor's,N,N,5520,1979,Northeast,232161.7293,Year,Y,Certified
EZYV00922,South America,Master's,N,N,48489,2015,West,20768.4838,Year,Y,Denied
EZYV00923,Europe,Bachelor's,Y,N,45895,1995,Northeast,226583.5828,Year,Y,Certified
EZYV00924,Asia,Doctorate,Y,Y,21165,1972,West,48791.5018,Hour,Y,Certified
EZYV00925,Asia,Bachelor's,Y,Y,51749,1996,West,47438.9844,Year,Y,Denied
EZYV00926,Asia,Master's,Y,N,7543,2012,Midwest,49019.9025,Year,Y,Certified
EZYV00927,Asia,Master's,Y,N,52144,1982,Midwest,232827.7694,Year,Y,Certified
EZYV00928,South America,Master's,N,Y,4762,1989,West,151015.4996,Year,Y,Certified
EZYV00929,Europe,Bachelor's,Y,N,38169,1996,South,187747.0785,Year,Y,Certified
EZYV00930,North America,Doctorate,N,N,50584,2010,Northeast,91728.62,Year,Y,Certified
EZYV00931,Asia,Master's,Y,Y,37163,1993,West,218338.0838,Year,N,Certified
EZYV00932,Asia,Master's,N,N,46720,2017,South,145567.8966,Year,Y,Certified
EZYV00933,Asia,Master's,Y,N,20638,2005,Northeast,150038.7663,Year,Y,Certified
EZYV00934,North America,High School,N,N,17293,1985,Midwest,188129.7988,Year,Y,Certified
EZYV00935,North America,Bachelor's,N,N,15966,1989,South,193455.9273,Year,N,Denied
EZYV00936,Asia,Bachelor's,N,N,6994,2001,Northeast,170529.5202,Year,Y,Denied
EZYV00937,Africa,Bachelor's,N,N,16650,1964,Midwest,29903.7014,Year,Y,Denied
EZYV00938,Asia,Master's,Y,N,14845,1973,West,216708.3029,Year,Y,Certified
EZYV00939,South America,Bachelor's,Y,N,45405,1974,West,65372.5992,Year,Y,Certified
EZYV00940,Asia,High School,Y,N,12791,2008,Northeast,249049.3008,Year,Y,Denied
EZYV00941,Asia,High School,N,N,9970,2009,South,96499.8814,Year,Y,Denied
EZYV00942,South America,Bachelor's,Y,N,43987,2009,West,30175.3249,Year,Y,Denied
EZYV00943,Asia,Bachelor's,Y,N,32277,1966,Northeast,79158.4083,Year,Y,Denied
EZYV00944,Asia,Master's,N,N,12945,1977,West,143468.8541,Year,Y,Certified
EZYV00945,Asia,Bachelor's,Y,N,42358,1978,Northeast,97983.2703,Year,Y,Certified
EZYV00946,Asia,Doctorate,N,Y,12977,1961,Northeast,207204.6859,Year,Y,Certified
EZYV00947,North America,Bachelor's,N,N,47137,1975,Northeast,170615.1326,Week,Y,Denied
EZYV00948,South America,High School,N,N,1950,1985,South,53519.9513,Year,Y,Denied
EZYV00949,South America,Master's,N,N,35414,2013,Northeast,134805.5556,Year,N,Certified
EZYV00950,Asia,Bachelor's,N,N,35817,1970,West,196925.4936,Year,Y,Certified
EZYV00951,Asia,Bachelor's,N,Y,22379,2011,West,222830.1911,Year,Y,Certified
EZYV00952,Asia,Doctorate,N,N,41343,2009,Northeast,98857.0949,Year,Y,Certified
EZYV00953,Asia,Doctorate,Y,N,22792,1969,West,231131.2871,Hour,Y,Certified
EZYV00954,Asia,Master's,N,N,39214,1975,Northeast,9185.171,Year,Y,Denied
EZYV00955,Africa,High School,N,N,13424,1987,South,169237.4623,Year,Y,Denied
EZYV00956,South America,Master's,Y,N,34122,2016,Midwest,195539.7893,Year,Y,Certified
EZYV00957,North America,Doctorate,Y,N,45379,2007,West,106400.3169,Year,Y,Certified
EZYV00958,Asia,Doctorate,Y,N,57965,2018,West,2941.4241,Year,Y,Certified
EZYV00959,Asia,Bachelor's,Y,N,21627,1978,South,171821.383,Year,Y,Certified
EZYV00960,Asia,Bachelor's,N,N,28372,2014,Northeast,85772.5478,Year,Y,Denied
EZYV00961,Asia,Bachelor's,Y,N,28588,2017,West,38122.8761,Year,Y,Certified
EZYV00962,Asia,Bachelor's,Y,N,51610,1995,West,39445.7724,Hour,Y,Denied
EZYV00963,Asia,Master's,Y,N,57754,1969,West,192337.1811,Year,Y,Certified
EZYV00964,Asia,Bachelor's,Y,N,38765,1976,Midwest,47009.8782,Year,Y,Certified
EZYV00965,Africa,Bachelor's,Y,Y,49331,1967,South,121127.7549,Year,Y,Certified
EZYV00966,Asia,High School,Y,Y,5063,2008,West,242603.262,Year,Y,Denied
EZYV00967,Africa,Bachelor's,Y,N,45560,1978,South,189752.9107,Year,Y,Certified
EZYV00968,Asia,Bachelor's,Y,N,48608,2002,Northeast,136888.9734,Year,N,Certified
EZYV00969,Europe,Bachelor's,N,N,42898,1976,Northeast,132163.1831,Year,Y,Denied
EZYV00970,Asia,Bachelor's,Y,N,35069,2018,West,41998.3949,Year,Y,Certified
EZYV00971,Asia,Doctorate,N,N,53976,2006,South,111716.609,Year,Y,Certified
EZYV00972,Asia,Bachelor's,Y,Y,39216,1982,West,36395.9335,Year,Y,Certified
EZYV00973,Asia,Master's,Y,N,50785,1988,West,21078.8124,Year,N,Certified
EZYV00974,Africa,Bachelor's,N,N,10825,1963,South,27462.4815,Year,Y,Denied
EZYV00975,Asia,High School,Y,N,39928,1968,South,151731.4669,Year,Y,Denied
EZYV00976,Europe,Bachelor's,Y,Y,26257,2019,West,48549.5351,Year,N,Certified
EZYV00977,Asia,High School,N,N,52100,2008,South,37506.5096,Year,Y,Denied
EZYV00978,Asia,Bachelor's,Y,N,52836,2010,Midwest,216809.3143,Year,Y,Certified
EZYV00979,Asia,Bachelor's,N,Y,50641,1998,Northeast,30678.8382,Year,Y,Denied
EZYV00980,Asia,Master's,N,N,12937,1973,Midwest,176467.6515,Year,Y,Certified
EZYV00981,Oceania,High School,N,N,29545,1966,Northeast,104366.6655,Year,Y,Denied
EZYV00982,North America,Bachelor's,N,Y,22,2003,Northeast,144854.1185,Year,Y,Certified
EZYV00983,North America,Master's,Y,N,58778,1979,West,6034.1825,Hour,Y,Certified
EZYV00984,Asia,Bachelor's,N,N,15461,1960,Northeast,204.806,Year,Y,Denied
EZYV00985,Asia,Bachelor's,Y,N,37471,1961,Northeast,204348.6863,Year,N,Certified
EZYV00986,Africa,High School,N,N,29260,1993,Northeast,118965.2014,Year,Y,Denied
EZYV00987,Asia,Bachelor's,N,N,54278,2010,West,18012.4727,Year,Y,Certified
EZYV00988,Asia,Bachelor's,Y,N,49279,1981,West,85995.3346,Year,Y,Certified
EZYV00989,Asia,Doctorate,Y,N,46619,2019,Northeast,126687.3382,Year,Y,Certified
EZYV00990,North America,Doctorate,Y,N,38602,1982,South,34046.2705,Year,Y,Certified
EZYV00991,Europe,Doctorate,Y,N,7176,2003,Northeast,136675.2199,Year,N,Certified
EZYV00992,North America,Bachelor's,Y,N,55145,1974,Midwest,132281.9298,Year,Y,Certified
EZYV00993,North America,High School,N,N,3771,1996,Northeast,150788.2246,Year,Y,Denied
EZYV00994,Asia,Bachelor's,Y,N,27342,1976,West,202603.399,Year,Y,Certified
EZYV00995,Africa,Bachelor's,N,N,22774,2006,South,103312.1476,Hour,Y,Denied
EZYV00996,Asia,High School,N,N,23458,1987,West,222162.2951,Year,Y,Denied
EZYV00997,Europe,High School,N,N,58634,1962,Midwest,118773.5035,Year,Y,Denied
EZYV00998,Asia,Bachelor's,Y,N,13896,1974,South,114395.8113,Year,Y,Certified
EZYV00999,Oceania,Bachelor's,N,N,34803,1981,West,163990.2875,Year,Y,Denied
EZYV01000,Asia,Bachelor's,N,N,13095,1987,South,154456.7996,Year,Y,Certified
EZYV01001,Asia,Master's,N,N,54694,1976,West,3056.4477,Year,N,Denied
EZYV01002,Asia,Bachelor's,N,N,44170,1994,South,245611.1614,Year,N,Certified
EZYV01003,Asia,Master's,N,N,24899,2017,Northeast,235684.8578,Year,Y,Certified
EZYV01004,Asia,Bachelor's,Y,Y,4835,2002,Northeast,70465.2284,Year,Y,Certified
EZYV01005,Europe,Master's,N,N,9174,1978,Northeast,139734.1184,Year,Y,Certified
EZYV01006,Asia,Bachelor's,Y,N,14574,2000,Midwest,192667.1964,Year,Y,Certified
EZYV01007,Africa,Bachelor's,N,N,24386,2018,West,230132.8625,Year,Y,Denied
EZYV01008,Asia,Bachelor's,Y,N,53155,1974,Northeast,146559.4787,Hour,Y,Certified
EZYV01009,North America,Bachelor's,Y,N,7187,1973,South,4931.2452,Year,Y,Denied
EZYV01010,Asia,Master's,Y,N,34621,1962,West,170233.3513,Year,Y,Certified
EZYV01011,Europe,Bachelor's,Y,N,20849,2010,South,23450.9016,Year,Y,Certified
EZYV01012,Europe,Bachelor's,N,N,2809,2009,South,167860.2078,Year,Y,Denied
EZYV01013,Asia,Doctorate,Y,Y,37165,1984,West,146939.415,Year,Y,Certified
EZYV01014,Africa,High School,N,N,42259,2012,Northeast,160239.2731,Year,Y,Certified
EZYV01015,Asia,Master's,Y,N,57569,1999,South,47476.5732,Year,Y,Certified
EZYV01016,Asia,Master's,N,Y,30408,2018,Northeast,123503.7437,Year,Y,Certified
EZYV01017,Europe,Bachelor's,Y,N,19534,2015,Northeast,154565.6073,Year,Y,Certified
EZYV01018,South America,Bachelor's,Y,N,51273,2017,West,75213.1693,Year,Y,Denied
EZYV01019,Asia,High School,Y,N,14852,1983,West,45569.4907,Year,Y,Denied
EZYV01020,Asia,Master's,Y,N,40950,1998,Island,55825.6486,Year,Y,Certified
EZYV01021,South America,Bachelor's,N,N,56604,1970,Northeast,214532.5639,Year,N,Denied
EZYV01022,North America,Bachelor's,N,N,281,2013,West,116242.9714,Year,Y,Certified
EZYV01023,Oceania,Bachelor's,Y,N,55511,1979,Midwest,165336.1296,Hour,Y,Denied
EZYV01024,Asia,Doctorate,Y,N,12356,1986,West,128819.2383,Hour,Y,Certified
EZYV01025,Europe,Master's,Y,N,28902,1995,Midwest,208564.9875,Year,Y,Certified
EZYV01026,Asia,Doctorate,Y,N,15488,2007,Island,127222.0178,Year,Y,Certified
EZYV01027,Africa,Master's,N,N,8682,2003,West,23512.6632,Year,Y,Certified
EZYV01028,Asia,Master's,Y,N,42138,2017,Island,49656.5764,Year,Y,Certified
EZYV01029,North America,Bachelor's,N,N,28939,2002,West,3513.7007,Year,Y,Certified
EZYV01030,Asia,Doctorate,N,N,30566,2007,South,207914.7659,Year,Y,Certified
EZYV01031,Europe,Master's,Y,N,29023,1994,Midwest,165885.5538,Year,Y,Certified
EZYV01032,North America,Bachelor's,Y,N,44850,1984,Midwest,189848.6391,Year,Y,Denied
EZYV01033,Asia,Master's,Y,N,57966,2014,Northeast,178812.0546,Year,Y,Certified
EZYV01034,Africa,Master's,Y,Y,30779,1982,South,206155.0262,Year,Y,Certified
EZYV01035,Asia,Bachelor's,Y,N,9348,1997,Northeast,246744.9819,Year,Y,Certified
EZYV01036,Europe,Bachelor's,N,N,19653,1977,Midwest,163437.1382,Year,Y,Denied
EZYV01037,Asia,Bachelor's,Y,N,29769,1988,Northeast,63215.9476,Year,Y,Certified
EZYV01038,Asia,Master's,N,N,6233,1982,South,25527.2325,Year,Y,Certified
EZYV01039,Asia,Bachelor's,N,N,13758,1975,South,147519.0325,Year,Y,Denied
EZYV01040,Asia,Master's,N,N,12169,2009,Northeast,192735.1139,Hour,Y,Certified
EZYV01041,Asia,Bachelor's,N,Y,58377,2006,Midwest,140480.6142,Year,Y,Certified
EZYV01042,Europe,Master's,Y,N,24055,2002,South,76027.9811,Year,Y,Certified
EZYV01043,Europe,Bachelor's,Y,N,52744,1964,Northeast,179989.765,Year,Y,Certified
EZYV01044,Europe,Doctorate,Y,N,33093,1974,Northeast,112103.5295,Year,Y,Certified
EZYV01045,Asia,Bachelor's,N,N,30372,1973,West,71789.9575,Year,Y,Certified
EZYV01046,Asia,Bachelor's,N,N,56319,2002,West,210302.9051,Year,N,Denied
EZYV01047,Asia,Bachelor's,Y,N,41521,2013,South,144214.3915,Year,Y,Denied
EZYV01048,North America,Bachelor's,Y,N,14394,1982,South,71005.3099,Year,Y,Denied
EZYV01049,South America,Bachelor's,Y,N,16909,1979,Midwest,82285.3627,Year,Y,Certified
EZYV01050,Asia,Master's,Y,N,39970,1993,West,143001.9458,Hour,Y,Certified
EZYV01051,Europe,Doctorate,N,Y,149,2019,West,105846.3138,Year,Y,Certified
EZYV01052,Asia,Master's,Y,Y,9165,1982,South,40297.6757,Year,N,Certified
EZYV01053,Asia,Master's,Y,N,4473,1976,Island,152695.3891,Year,Y,Certified
EZYV01054,Asia,Bachelor's,Y,N,42829,1991,West,172339.6945,Year,Y,Certified
EZYV01055,Asia,Master's,Y,N,26489,2014,South,227.1773,Hour,Y,Certified
EZYV01056,Europe,Master's,Y,N,695,2003,Midwest,134309.9552,Year,N,Certified
EZYV01057,Africa,Bachelor's,N,Y,44503,1991,Midwest,144374.9377,Hour,Y,Denied
EZYV01058,Asia,Doctorate,Y,N,39360,2003,West,83149.6007,Year,Y,Certified
EZYV01059,Asia,Bachelor's,N,N,43122,1960,West,84815.0685,Year,Y,Certified
EZYV01060,North America,Master's,Y,N,9805,2005,South,79551.1888,Year,Y,Certified
EZYV01061,Africa,Doctorate,Y,N,52498,1965,South,111442.9515,Year,Y,Certified
EZYV01062,Europe,Master's,Y,N,10831,1983,Northeast,203022.5817,Year,N,Certified
EZYV01063,Asia,Bachelor's,Y,N,34258,1980,West,117362.7116,Year,Y,Certified
EZYV01064,Europe,Master's,Y,Y,33541,2001,South,248413.4469,Year,Y,Certified
EZYV01065,Asia,Bachelor's,Y,N,13135,1974,South,94164.437,Year,Y,Denied
EZYV01066,Oceania,Master's,N,N,22534,1974,Midwest,174875.7116,Year,Y,Certified
EZYV01067,Asia,Bachelor's,N,N,3146,2013,Northeast,137331.6247,Year,Y,Certified
EZYV01068,Europe,Master's,N,N,28286,1988,Midwest,190619.6976,Year,Y,Certified
EZYV01069,Asia,Doctorate,Y,N,40631,2004,South,222113.4693,Year,N,Certified
EZYV01070,Asia,Bachelor's,N,Y,18543,1994,Northeast,128018.4866,Year,Y,Denied
EZYV01071,South America,Bachelor's,N,N,32273,1997,Northeast,123720.9065,Year,Y,Denied
EZYV01072,Europe,Master's,Y,N,57208,2001,South,235691.2137,Year,Y,Certified
EZYV01073,Asia,Bachelor's,Y,N,14088,2000,South,233428.1612,Year,Y,Certified
EZYV01074,Africa,Bachelor's,Y,N,17450,2014,South,249249.7831,Year,Y,Certified
EZYV01075,South America,High School,N,N,7212,2007,West,39287.6836,Year,Y,Certified
EZYV01076,Asia,Bachelor's,Y,N,32529,1978,South,1091.4672,Year,Y,Certified
EZYV01077,Asia,Master's,Y,N,12242,1970,Northeast,109440.1135,Year,Y,Certified
EZYV01078,Asia,Master's,N,N,51263,2010,South,183388.3728,Year,Y,Certified
EZYV01079,Europe,Bachelor's,Y,N,17467,1982,Northeast,18399.4313,Month,Y,Certified
EZYV01080,Asia,Bachelor's,N,N,39855,1978,Northeast,93525.6877,Year,Y,Certified
EZYV01081,Asia,Bachelor's,N,N,11365,1966,Northeast,145448.5773,Year,Y,Denied
EZYV01082,Africa,Bachelor's,N,N,19376,1993,West,53294.3468,Year,Y,Certified
EZYV01083,Africa,Master's,N,N,10284,1990,West,182839.271,Year,Y,Denied
EZYV01084,South America,Bachelor's,Y,N,33152,2009,Midwest,57538.5062,Year,Y,Certified
EZYV01085,Oceania,Master's,N,N,1680,2004,West,210199.8694,Year,Y,Certified
EZYV01086,North America,Doctorate,N,N,4993,2003,South,87198.6798,Year,Y,Certified
EZYV01087,North America,Master's,N,N,30092,1992,South,149742.3822,Year,Y,Denied
EZYV01088,North America,Master's,Y,N,32747,2011,Northeast,136129.671,Year,N,Certified
EZYV01089,Asia,High School,Y,N,19793,2018,West,74252.3898,Year,Y,Certified
EZYV01090,Asia,Bachelor's,Y,N,25891,2008,South,109880.0916,Year,Y,Certified
EZYV01091,Asia,Bachelor's,Y,N,24997,1980,Northeast,211524.0784,Year,Y,Certified
EZYV01092,Europe,Master's,Y,Y,45479,1976,Midwest,137176.4025,Hour,Y,Certified
EZYV01093,Asia,Master's,N,N,26795,1960,Northeast,14085.6228,Year,Y,Denied
EZYV01094,Asia,Bachelor's,N,N,50876,2019,Northeast,178315.4663,Year,Y,Denied
EZYV01095,Europe,Bachelor's,N,N,13033,2003,Midwest,45776.6339,Year,Y,Denied
EZYV01096,Asia,Bachelor's,Y,N,11988,2016,South,121618.4783,Year,Y,Certified
EZYV01097,Asia,Master's,Y,Y,24232,2007,South,117241.0124,Year,Y,Certified
EZYV01098,North America,Master's,Y,N,4905,1985,Northeast,121724.4348,Hour,Y,Certified
EZYV01099,South America,Master's,Y,N,40268,1968,South,7947.2988,Hour,Y,Certified
EZYV01100,Asia,Doctorate,Y,N,23442,1962,Midwest,68242.6521,Year,Y,Certified
EZYV01101,Asia,Bachelor's,Y,N,21993,2007,West,12873.7211,Year,Y,Certified
EZYV01102,Asia,Master's,Y,N,32056,1978,South,103856.1843,Year,Y,Certified
EZYV01103,North America,Master's,Y,N,4940,1982,South,155409.9145,Hour,Y,Certified
EZYV01104,South America,Bachelor's,Y,N,22617,2010,South,163587.7166,Year,Y,Certified
EZYV01105,Asia,Doctorate,Y,N,58333,1988,West,16324.0913,Year,Y,Certified
EZYV01106,North America,High School,Y,N,37719,2017,Northeast,29898.4984,Year,Y,Certified
EZYV01107,Asia,Master's,N,N,34444,1992,Northeast,165444.3933,Year,Y,Certified
EZYV01108,Asia,Master's,Y,N,30346,2009,West,132890.6749,Year,N,Certified
EZYV01109,Oceania,Doctorate,Y,N,28131,1967,Midwest,208386.3197,Year,Y,Certified
EZYV01110,Asia,Master's,Y,N,56198,1983,Midwest,51444.5134,Year,Y,Certified
EZYV01111,Asia,Bachelor's,N,N,55822,1970,Midwest,30261.5034,Year,Y,Certified
EZYV01112,Asia,Master's,N,N,24572,1963,South,90633.6317,Year,Y,Certified
EZYV01113,Europe,Master's,N,N,55484,2019,West,159339.3703,Year,Y,Certified
EZYV01114,Africa,Master's,Y,N,4963,1991,Midwest,121594.6169,Year,Y,Certified
EZYV01115,Oceania,Master's,N,Y,19192,1981,Northeast,24828.5979,Year,Y,Certified
EZYV01116,Asia,Bachelor's,N,N,18126,1982,South,18008.7638,Year,Y,Denied
EZYV01117,Asia,Master's,Y,N,41840,1974,Northeast,169487.8681,Year,Y,Certified
EZYV01118,North America,Master's,N,N,36359,1967,Island,74382.6592,Hour,Y,Certified
EZYV01119,Asia,Bachelor's,Y,N,28364,2014,Midwest,167436.7213,Year,Y,Certified
EZYV01120,South America,Bachelor's,N,N,15372,1966,West,73869.7378,Year,Y,Denied
EZYV01121,Europe,Doctorate,Y,Y,30419,1983,South,78835.5941,Year,Y,Certified
EZYV01122,Asia,Master's,Y,N,16150,1969,Midwest,52611.7199,Year,Y,Certified
EZYV01123,South America,Doctorate,N,Y,29856,2015,Northeast,245932.497,Year,Y,Certified
EZYV01124,Asia,Bachelor's,N,N,20384,1972,Northeast,4214.3585,Year,N,Certified
EZYV01125,Asia,Doctorate,Y,N,53318,1983,West,31987.658,Year,Y,Certified
EZYV01126,Europe,Bachelor's,N,N,44772,2005,West,209105.2872,Year,Y,Denied
EZYV01127,Asia,Master's,Y,Y,10528,1994,Midwest,34712.8012,Year,Y,Certified
EZYV01128,Europe,Bachelor's,Y,N,56408,1982,South,70318.0836,Year,Y,Certified
EZYV01129,Europe,Master's,N,N,39532,1993,South,65843.6851,Year,Y,Certified
EZYV01130,Oceania,Doctorate,Y,N,21032,1986,South,174306.9984,Year,Y,Certified
EZYV01131,Oceania,Master's,Y,N,31834,1977,Northeast,102918.0543,Hour,Y,Certified
EZYV01132,Asia,Master's,N,Y,11741,1995,Midwest,210178.8381,Year,N,Certified
EZYV01133,Asia,Bachelor's,Y,N,2823,1981,South,186907.3135,Year,Y,Certified
EZYV01134,North America,Master's,Y,N,25246,2017,Northeast,132869.1125,Year,Y,Certified
EZYV01135,Oceania,Master's,Y,N,46933,1987,South,62415.6315,Year,Y,Certified
EZYV01136,Asia,High School,N,N,21120,2005,West,198146.2186,Year,Y,Denied
EZYV01137,Asia,Master's,Y,N,23064,1974,Midwest,216524.4404,Hour,Y,Certified
EZYV01138,Asia,Master's,Y,N,59401,1998,Northeast,209103.3713,Year,Y,Certified
EZYV01139,Asia,Master's,N,N,59235,1993,Northeast,13118.0991,Year,Y,Denied
EZYV01140,Europe,Master's,Y,Y,27840,2004,Midwest,174550.079,Year,Y,Certified
EZYV01141,Asia,Bachelor's,Y,Y,2665,1987,South,176043.8713,Year,Y,Denied
EZYV01142,North America,Master's,N,N,40761,2003,South,235780.2699,Year,Y,Certified
EZYV01143,South America,High School,N,N,42887,1963,Northeast,66016.896,Hour,Y,Denied
EZYV01144,South America,Bachelor's,Y,N,54828,2001,Island,196629.438,Year,Y,Certified
EZYV01145,Asia,Bachelor's,N,N,56883,2005,West,172336.3057,Hour,Y,Denied
EZYV01146,Asia,Bachelor's,N,N,37749,1989,Northeast,219705.9974,Year,Y,Certified
EZYV01147,North America,High School,Y,Y,6441,1962,Northeast,173388.346,Year,Y,Certified
EZYV01148,North America,Master's,N,Y,14973,1994,Northeast,213143.1433,Year,Y,Certified
EZYV01149,Asia,Bachelor's,N,N,43005,2006,Northeast,90021.9217,Year,N,Certified
EZYV01150,South America,Bachelor's,N,N,36450,1987,Northeast,39574.5803,Year,Y,Denied
EZYV01151,Asia,Bachelor's,Y,N,26167,1965,Northeast,90965.3383,Year,Y,Denied
EZYV01152,South America,Master's,N,N,24121,1983,Northeast,203799.9119,Year,Y,Certified
EZYV01153,Asia,Bachelor's,N,Y,42577,2019,South,33086.1644,Year,Y,Certified
EZYV01154,Asia,Bachelor's,Y,N,25349,1976,South,159558.7058,Year,Y,Denied
EZYV01155,Asia,Master's,N,N,9299,1991,South,246891.5026,Year,Y,Certified
EZYV01156,Asia,High School,N,N,58759,1981,Midwest,223774.716,Year,Y,Denied
EZYV01157,Asia,Doctorate,N,N,20972,2002,Northeast,167861.5954,Year,Y,Certified
EZYV01158,Asia,High School,N,N,16726,1985,Midwest,198199.0556,Year,Y,Denied
EZYV01159,Asia,Bachelor's,Y,N,4172,1983,Midwest,29295.8182,Year,Y,Certified
EZYV01160,North America,Bachelor's,Y,N,28144,1994,Midwest,124808.6739,Year,Y,Certified
EZYV01161,Asia,Master's,N,N,59172,1994,Northeast,133071.7233,Year,N,Certified
EZYV01162,Europe,Bachelor's,Y,N,9604,1989,Northeast,195717.4008,Year,Y,Certified
EZYV01163,South America,Master's,Y,N,14693,1975,West,70791.8178,Year,Y,Certified
EZYV01164,Asia,Bachelor's,N,N,10724,1966,Northeast,26800.0246,Year,Y,Denied
EZYV01165,Asia,Master's,N,Y,5656,2001,Northeast,174588.8379,Year,N,Certified
EZYV01166,South America,Bachelor's,Y,N,36215,1980,Northeast,123250.0136,Year,Y,Denied
EZYV01167,South America,High School,N,N,17901,1996,West,210605.0561,Year,Y,Denied
EZYV01168,Asia,Bachelor's,Y,N,45064,1982,West,120476.1254,Hour,Y,Certified
EZYV01169,North America,Master's,Y,N,24047,2011,Northeast,211598.4406,Month,Y,Certified
EZYV01170,Asia,Bachelor's,Y,N,38193,2002,Midwest,127057.1835,Year,Y,Certified
EZYV01171,Asia,Doctorate,Y,N,5377,1984,West,195718.0878,Hour,Y,Certified
EZYV01172,North America,Master's,Y,N,19767,1979,Northeast,180242.1457,Year,Y,Certified
EZYV01173,Asia,Doctorate,N,N,24851,2004,South,66667.4186,Hour,Y,Denied
EZYV01174,North America,Bachelor's,N,N,3591,1960,Northeast,77487.7016,Year,N,Denied
EZYV01175,Asia,Master's,Y,N,25165,1963,Midwest,224819.0415,Year,Y,Certified
EZYV01176,North America,Master's,Y,N,28223,1965,West,57905.5805,Year,Y,Certified
EZYV01177,Asia,Master's,Y,Y,24239,1980,West,174435.639,Year,Y,Certified
EZYV01178,Asia,Doctorate,N,N,30263,1989,West,36451.009,Year,Y,Certified
EZYV01179,Asia,Master's,N,N,47837,1977,South,188838.5611,Year,Y,Certified
EZYV01180,Asia,Doctorate,Y,N,46242,1971,Midwest,55977.8044,Year,Y,Certified
EZYV01181,North America,Master's,Y,N,860,1978,Midwest,148597.5301,Hour,Y,Certified
EZYV01182,Asia,Bachelor's,Y,N,38422,1989,West,141148.0232,Year,Y,Certified
EZYV01183,Asia,Master's,N,N,54246,1977,South,51037.8604,Year,Y,Certified
EZYV01184,Asia,Bachelor's,Y,Y,52277,1994,Northeast,122952.5496,Year,Y,Certified
EZYV01185,Asia,Doctorate,Y,Y,19411,1982,Northeast,219836.1568,Hour,Y,Certified
EZYV01186,South America,Master's,Y,Y,46982,2016,Northeast,170196.2312,Year,Y,Certified
EZYV01187,Asia,Bachelor's,Y,N,48061,2019,West,248165.0689,Year,Y,Certified
EZYV01188,Oceania,Bachelor's,Y,N,21962,1999,West,196181.6544,Year,Y,Denied
EZYV01189,Asia,High School,Y,N,52150,1993,Midwest,160935.1675,Year,N,Certified
EZYV01190,Europe,Bachelor's,N,N,37938,1961,Northeast,140887.8756,Year,Y,Certified
EZYV01191,Asia,High School,Y,N,45070,1997,Northeast,234369.6758,Year,Y,Certified
EZYV01192,Asia,Master's,Y,Y,44840,1982,Northeast,131847.9567,Year,Y,Certified
EZYV01193,South America,Master's,Y,N,46884,1977,Island,100787.6581,Year,Y,Certified
EZYV01194,Oceania,Master's,Y,N,57413,2007,West,208656.4961,Year,Y,Certified
EZYV01195,South America,Bachelor's,N,Y,51447,1962,South,235073.0558,Year,Y,Certified
EZYV01196,Asia,Master's,N,N,25349,1975,West,119833.4396,Hour,Y,Certified
EZYV01197,Asia,Bachelor's,Y,Y,33729,2006,West,34482.1832,Year,Y,Certified
EZYV01198,Europe,Doctorate,N,N,38902,2015,Northeast,152171.53,Year,Y,Denied
EZYV01199,Asia,Bachelor's,N,N,51395,1990,Northeast,185272.389,Year,Y,Certified
EZYV01200,North America,Bachelor's,N,N,23568,1991,South,93534.2936,Year,Y,Denied
EZYV01201,Europe,Bachelor's,Y,N,18788,2018,Northeast,187020.1386,Year,Y,Certified
EZYV01202,Europe,Master's,Y,N,44273,1965,South,132856.6254,Hour,Y,Certified
EZYV01203,South America,Bachelor's,Y,N,57250,1988,South,75478.7614,Year,Y,Certified
EZYV01204,North America,Master's,N,N,54720,1974,West,157454.4029,Year,Y,Certified
EZYV01205,Asia,Master's,N,N,8890,1988,West,97359.1019,Year,Y,Certified
EZYV01206,Asia,Master's,Y,N,55154,2014,South,196749.0109,Year,Y,Certified
EZYV01207,Europe,Bachelor's,Y,N,47354,1995,Midwest,969.391,Year,Y,Certified
EZYV01208,Asia,High School,Y,N,9437,2019,South,204580.8934,Year,Y,Denied
EZYV01209,Asia,Bachelor's,Y,N,407,1990,West,76782.5043,Year,N,Certified
EZYV01210,Asia,Bachelor's,N,N,12257,2011,Northeast,239914.7156,Year,Y,Denied
EZYV01211,North America,Master's,Y,Y,55766,1970,West,189839.3839,Year,Y,Certified
EZYV01212,South America,Bachelor's,N,N,45299,1979,South,60411.8631,Year,N,Certified
EZYV01213,Europe,Bachelor's,N,Y,34524,1976,Northeast,244704.0299,Year,Y,Certified
EZYV01214,Asia,Bachelor's,N,N,37866,2006,Northeast,124995.2319,Year,Y,Denied
EZYV01215,Asia,Master's,N,N,24808,1990,West,130826.3646,Year,Y,Denied
EZYV01216,Asia,Bachelor's,Y,N,54307,1973,West,227397.6299,Year,Y,Certified
EZYV01217,Asia,Master's,N,N,9386,1970,West,229617.0863,Year,Y,Certified
EZYV01218,Europe,High School,N,Y,18838,1983,South,174281.2496,Year,Y,Denied
EZYV01219,Europe,Doctorate,Y,Y,12047,1969,West,244616.72,Year,Y,Certified
EZYV01220,Asia,Master's,Y,N,50883,2001,West,82351.8033,Year,Y,Certified
EZYV01221,Asia,Bachelor's,Y,N,32409,2010,Northeast,58237.6788,Year,Y,Certified
EZYV01222,Asia,High School,Y,N,41031,2018,South,7508.329,Year,Y,Denied
EZYV01223,South America,Bachelor's,Y,N,55166,1974,South,86716.9656,Year,Y,Certified
EZYV01224,Europe,Bachelor's,Y,N,11739,1986,Midwest,150737.8092,Year,Y,Certified
EZYV01225,Asia,Bachelor's,N,N,57866,1990,South,76483.6867,Year,Y,Certified
EZYV01226,South America,Master's,Y,N,7602,1989,South,144989.1402,Year,N,Certified
EZYV01227,Asia,Master's,Y,N,45261,1987,Island,12286.7609,Year,Y,Certified
EZYV01228,Asia,Bachelor's,Y,Y,42167,1973,Midwest,88651.9479,Year,Y,Denied
EZYV01229,Africa,Master's,Y,Y,49527,1966,Northeast,187051.6256,Year,Y,Certified
EZYV01230,Asia,Bachelor's,N,N,9520,1984,Midwest,26260.8497,Hour,Y,Denied
EZYV01231,Asia,Doctorate,Y,N,57594,1965,Northeast,178766.3964,Year,N,Certified
EZYV01232,Europe,High School,Y,N,47662,1963,Midwest,190875.116,Year,Y,Certified
EZYV01233,Asia,Master's,Y,N,6651,1991,Northeast,142276.625,Year,Y,Certified
EZYV01234,Europe,Master's,Y,N,33432,2011,South,221544.6708,Year,Y,Certified
EZYV01235,Asia,High School,N,N,49039,1992,Island,238649.9654,Year,Y,Denied
EZYV01236,Asia,Bachelor's,N,N,28619,1961,Northeast,8862.4352,Year,Y,Denied
EZYV01237,Asia,Bachelor's,Y,N,22863,2010,Midwest,169834.9394,Year,Y,Certified
EZYV01238,Asia,Master's,N,N,16542,2001,South,59446.1907,Year,Y,Certified
EZYV01239,Asia,Master's,Y,N,30963,1978,Northeast,102164.1906,Year,Y,Certified
EZYV01240,Asia,Master's,N,N,59030,1976,Midwest,155863.9398,Year,N,Certified
EZYV01241,South America,Master's,Y,N,36456,2013,South,178125.6131,Year,Y,Certified
EZYV01242,Asia,Master's,Y,Y,43334,1988,Midwest,210079.6942,Year,Y,Certified
EZYV01243,Asia,Bachelor's,N,N,46781,1968,Midwest,176405.6522,Year,Y,Certified
EZYV01244,Asia,Master's,N,N,46687,1976,Northeast,194394.2687,Year,Y,Certified
EZYV01245,Asia,Master's,Y,N,24035,1975,Northeast,149847.9856,Year,Y,Certified
EZYV01246,Asia,Bachelor's,N,N,46126,1984,South,29441.3591,Year,Y,Denied
EZYV01247,Europe,Master's,N,Y,19692,1980,South,5553.2927,Year,Y,Certified
EZYV01248,Asia,High School,Y,N,35047,1992,Northeast,132539.8056,Year,N,Denied
EZYV01249,South America,Bachelor's,N,Y,18157,1979,South,178942.1538,Hour,Y,Denied
EZYV01250,Africa,Master's,N,N,56382,1998,Midwest,27394.624,Year,N,Certified
EZYV01251,Asia,Bachelor's,Y,N,43813,1989,Northeast,107438.1278,Year,N,Denied
EZYV01252,Asia,Bachelor's,Y,N,35035,2016,West,64193.1137,Year,Y,Denied
EZYV01253,Asia,Bachelor's,N,N,27098,2009,South,141859.8439,Year,Y,Certified
EZYV01254,Europe,Master's,N,N,31209,1979,Northeast,97747.5876,Year,Y,Certified
EZYV01255,Asia,Master's,Y,N,46797,1962,Northeast,50526.5816,Year,Y,Certified
EZYV01256,South America,High School,Y,N,16433,1995,Northeast,1297.2999,Year,Y,Denied
EZYV01257,North America,High School,Y,N,49710,1980,West,80516.9688,Year,Y,Certified
EZYV01258,North America,Bachelor's,N,N,16914,2014,Northeast,129137.3042,Year,Y,Certified
EZYV01259,Asia,Doctorate,N,N,8509,1984,Midwest,232316.4289,Year,Y,Certified
EZYV01260,Oceania,Bachelor's,Y,N,44216,1977,West,57023.5085,Year,Y,Certified
EZYV01261,Asia,Doctorate,N,N,42505,1980,Northeast,128161.3155,Year,Y,Certified
EZYV01262,Asia,Doctorate,N,N,20096,2011,Midwest,141710.8343,Hour,Y,Certified
EZYV01263,Asia,Bachelor's,Y,Y,38931,1966,Midwest,162377.0687,Year,Y,Denied
EZYV01264,Africa,Master's,Y,N,43726,2017,Northeast,82275.8744,Year,N,Certified
EZYV01265,Europe,Master's,Y,N,47273,1974,Midwest,25050.5585,Year,Y,Certified
EZYV01266,North America,Master's,Y,N,57163,2010,Northeast,230354.7888,Hour,Y,Certified
EZYV01267,Asia,Bachelor's,Y,N,51263,1992,West,238198.3061,Year,N,Certified
EZYV01268,Oceania,Master's,N,N,26366,1994,Northeast,109670.1383,Year,Y,Denied
EZYV01269,Asia,Master's,N,N,13825,1972,Midwest,145227.6255,Year,Y,Denied
EZYV01270,Asia,Master's,Y,N,5853,2003,Midwest,7450.793,Year,Y,Certified
EZYV01271,Oceania,Doctorate,N,N,34434,1998,Midwest,11994.4672,Year,N,Certified
EZYV01272,Asia,Bachelor's,N,N,39997,1988,Island,19351.5205,Year,Y,Certified
EZYV01273,Asia,Master's,Y,N,41457,1987,Northeast,184738.8294,Year,Y,Certified
EZYV01274,Europe,Master's,Y,N,586,1995,West,56963.1759,Year,Y,Certified
EZYV01275,Asia,Bachelor's,N,N,42085,1988,Northeast,46274.9163,Year,Y,Denied
EZYV01276,Asia,High School,N,N,47223,2018,Northeast,2282.1661,Hour,Y,Certified
EZYV01277,Asia,Bachelor's,Y,N,43309,1962,Northeast,5919.8066,Year,Y,Certified
EZYV01278,Asia,Master's,N,N,31546,1975,Midwest,101464.8613,Year,Y,Denied
EZYV01279,South America,Bachelor's,N,Y,925,2011,West,135511.1471,Year,N,Certified
EZYV01280,Europe,Master's,N,N,29391,2007,Northeast,144848.9836,Week,Y,Certified
EZYV01281,Asia,High School,N,N,38690,1980,Island,114586.2131,Year,Y,Denied
EZYV01282,Asia,Bachelor's,Y,N,34172,1990,West,114998.4058,Hour,N,Certified
EZYV01283,Asia,Master's,Y,N,34481,1961,South,188334.9179,Year,Y,Certified
EZYV01284,Europe,Bachelor's,Y,N,30991,1970,South,72534.6196,Year,Y,Certified
EZYV01285,Africa,Doctorate,N,N,33127,2016,West,59581.9109,Year,Y,Certified
EZYV01286,Africa,Bachelor's,N,N,19436,1998,West,213610.1822,Year,Y,Denied
EZYV01287,Asia,Doctorate,N,N,36303,1962,South,172378.0992,Year,Y,Certified
EZYV01288,Asia,Bachelor's,Y,N,16901,2007,South,119321.239,Year,Y,Certified
EZYV01289,Asia,Doctorate,Y,N,29496,1984,Northeast,68996.1254,Year,Y,Certified
EZYV01290,Europe,Master's,Y,N,24926,1994,South,34318.1385,Year,Y,Certified
EZYV01291,Asia,High School,Y,N,42856,2011,South,9547.8149,Year,Y,Denied
EZYV01292,Europe,High School,Y,N,53696,2010,South,213120.8664,Year,N,Denied
EZYV01293,Europe,High School,N,N,38001,1968,Northeast,148427.6982,Year,Y,Denied
EZYV01294,Asia,Master's,Y,N,8135,1981,West,11648.2073,Year,Y,Certified
EZYV01295,Asia,Master's,N,Y,40055,1976,South,39815.132,Year,Y,Certified
EZYV01296,Asia,Bachelor's,N,N,19496,2014,South,70035.1542,Year,Y,Denied
EZYV01297,Asia,Bachelor's,N,N,2984,2006,Northeast,65915.2826,Year,Y,Certified
EZYV01298,Asia,Master's,Y,N,11550,1998,Midwest,137188.0691,Year,Y,Certified
EZYV01299,North America,Master's,N,N,59962,1963,Northeast,99981.0171,Year,Y,Certified
EZYV01300,Asia,Master's,N,N,25636,2008,South,220577.7077,Year,Y,Denied
EZYV01301,Asia,Bachelor's,Y,N,12115,1993,Northeast,179908.793,Year,Y,Certified
EZYV01302,Europe,Master's,N,N,8022,1976,West,227700.9958,Year,Y,Certified
EZYV01303,North America,Doctorate,N,N,39025,1986,South,215732.0926,Year,Y,Certified
EZYV01304,Asia,Bachelor's,Y,N,45651,1986,South,230358.0095,Year,Y,Certified
EZYV01305,South America,High School,Y,N,21198,1977,Midwest,245006.8603,Year,Y,Certified
EZYV01306,Africa,Bachelor's,Y,N,6221,2014,West,78061.7702,Year,Y,Certified
EZYV01307,Europe,Master's,Y,N,21289,2015,South,52578.2148,Year,Y,Certified
EZYV01308,Europe,Bachelor's,N,N,39920,1963,South,41455.0601,Hour,Y,Certified
EZYV01309,Asia,Doctorate,Y,N,6852,2016,Midwest,157096.4986,Hour,Y,Certified
EZYV01310,Africa,Master's,Y,N,16073,1984,Midwest,170305.4812,Year,N,Certified
EZYV01311,Asia,Master's,Y,Y,135,2007,West,22141.8061,Year,N,Certified
EZYV01312,Africa,Master's,Y,N,28339,2006,West,205303.6849,Hour,Y,Certified
EZYV01313,Europe,Bachelor's,Y,N,10244,1995,Midwest,195810.0196,Year,Y,Certified
EZYV01314,Asia,Master's,N,N,12011,2004,Midwest,157192.7885,Year,Y,Certified
EZYV01315,Asia,High School,Y,N,6793,2000,Northeast,109015.9974,Year,Y,Certified
EZYV01316,Europe,Master's,Y,N,43817,2011,Island,38583.5906,Year,Y,Certified
EZYV01317,Europe,Doctorate,N,N,29377,1985,West,126496.9493,Year,Y,Certified
EZYV01318,Asia,Master's,N,N,56897,2004,West,39960.49,Year,Y,Denied
EZYV01319,North America,Master's,Y,N,23711,2018,South,151323.7005,Year,N,Certified
EZYV01320,South America,Bachelor's,Y,N,13316,2016,South,77629.1896,Year,Y,Certified
EZYV01321,Asia,Master's,Y,N,12257,1968,West,61977.1043,Year,Y,Certified
EZYV01322,Asia,Master's,Y,N,57189,1989,West,110374.6347,Year,N,Certified
EZYV01323,Asia,Master's,Y,N,35389,1990,Northeast,145262.0575,Year,Y,Certified
EZYV01324,North America,High School,N,N,19526,1997,West,91992.5236,Year,Y,Denied
EZYV01325,Asia,Bachelor's,N,N,39255,1998,Northeast,240908.1296,Year,Y,Denied
EZYV01326,South America,Master's,Y,Y,33477,2010,South,1673.2295,Month,Y,Certified
EZYV01327,Asia,High School,N,N,6900,1991,West,228232.6824,Year,Y,Denied
EZYV01328,Europe,Master's,Y,N,42099,2002,West,370.8756,Year,Y,Certified
EZYV01329,Asia,Master's,Y,N,7164,2013,Northeast,54334.6423,Year,Y,Certified
EZYV01330,Asia,Doctorate,Y,N,11968,1966,Northeast,249088.536,Year,Y,Certified
EZYV01331,North America,Bachelor's,Y,N,42803,1998,Northeast,182078.2249,Year,N,Certified
EZYV01332,Asia,Doctorate,N,N,26694,1982,West,161195.6933,Year,Y,Certified
EZYV01333,Asia,High School,Y,N,13341,2014,Midwest,181578.0016,Year,N,Certified
EZYV01334,Africa,Bachelor's,N,Y,4083,1993,West,102192.3875,Year,Y,Denied
EZYV01335,Africa,Master's,Y,N,35625,1996,West,196095.5909,Year,Y,Certified
EZYV01336,South America,High School,N,N,41827,2005,South,38886.0346,Year,Y,Denied
EZYV01337,Asia,High School,N,N,12195,1974,Northeast,198514.3184,Year,Y,Denied
EZYV01338,Europe,High School,Y,N,25005,1992,Midwest,234893.7646,Year,N,Certified
EZYV01339,South America,Master's,Y,N,20664,2006,South,214450.1753,Year,N,Certified
EZYV01340,Asia,Master's,N,N,53500,2006,Northeast,184967.3061,Year,Y,Certified
EZYV01341,Asia,Bachelor's,Y,N,47457,1973,South,162914.0528,Year,Y,Certified
EZYV01342,North America,Bachelor's,Y,N,16450,2010,West,130368.8229,Hour,Y,Denied
EZYV01343,Asia,Master's,N,Y,30820,1969,South,98926.7752,Year,Y,Certified
EZYV01344,Europe,Bachelor's,Y,N,55417,1975,Northeast,216440.267,Year,Y,Certified
EZYV01345,Oceania,Master's,Y,N,20754,2011,West,161935.1519,Year,Y,Certified
EZYV01346,Europe,Doctorate,Y,N,8475,1996,Northeast,108838.0984,Year,Y,Certified
EZYV01347,Asia,Master's,Y,N,17909,1992,South,196240.9712,Year,Y,Certified
EZYV01348,Asia,Master's,Y,N,36423,1993,Midwest,13715.1178,Hour,N,Certified
EZYV01349,Asia,Master's,Y,N,59537,2018,Island,203317.1889,Year,Y,Certified
EZYV01350,Asia,Master's,Y,N,18478,1973,South,202713.4028,Year,Y,Certified
EZYV01351,North America,Bachelor's,Y,N,3528,1977,Northeast,57286.6474,Year,Y,Denied
EZYV01352,South America,High School,Y,N,10919,1989,South,9610.3632,Year,Y,Denied
EZYV01353,Asia,Master's,N,N,24761,2010,Northeast,178484.2473,Year,Y,Certified
EZYV01354,Asia,High School,Y,N,5649,1992,Midwest,50127.9328,Year,Y,Denied
EZYV01355,South America,Doctorate,Y,N,2113,2003,West,249006.2433,Year,Y,Certified
EZYV01356,Asia,Master's,Y,N,39343,2009,South,2493.7748,Year,N,Certified
EZYV01357,Asia,Doctorate,N,N,49464,2013,West,57602.0369,Year,Y,Certified
EZYV01358,Asia,Bachelor's,Y,N,14001,1987,South,10707.1868,Year,Y,Certified
EZYV01359,Europe,Bachelor's,Y,N,31364,1987,South,195707.4027,Year,Y,Certified
EZYV01360,Asia,Master's,N,N,34375,1964,Midwest,144758.1339,Year,Y,Certified
EZYV01361,Europe,Bachelor's,Y,N,40061,1964,Northeast,212138.9467,Year,Y,Certified
EZYV01362,Asia,Master's,N,N,58765,1989,South,240660.82,Year,Y,Denied
EZYV01363,Europe,Master's,N,N,53114,2004,Midwest,152606.6921,Year,Y,Certified
EZYV01364,Asia,Doctorate,N,N,18967,2010,South,58092.0252,Year,Y,Certified
EZYV01365,Asia,Master's,Y,Y,58541,1984,South,23343.8303,Year,Y,Certified
EZYV01366,Asia,Bachelor's,Y,N,2111,1994,Northeast,216592.009,Year,Y,Certified
EZYV01367,Asia,Bachelor's,Y,N,57711,2008,South,61429.2911,Year,N,Certified
EZYV01368,Asia,Master's,N,N,8582,1979,South,223400.8525,Year,Y,Denied
EZYV01369,Asia,Bachelor's,N,N,6852,1969,South,219596.2424,Year,Y,Denied
EZYV01370,Asia,Bachelor's,N,N,7172,2015,Northeast,157026.7412,Year,N,Denied
EZYV01371,Asia,Bachelor's,Y,N,7334,1992,South,151078.156,Year,Y,Certified
EZYV01372,Africa,Bachelor's,N,Y,27805,1969,West,237716.4518,Year,Y,Denied
EZYV01373,Asia,Master's,Y,Y,38415,1975,Midwest,189052.5724,Year,Y,Certified
EZYV01374,North America,Bachelor's,N,N,44682,1979,West,170883.7864,Year,Y,Certified
EZYV01375,Oceania,Master's,Y,N,968,1972,West,109048.0399,Year,Y,Certified
EZYV01376,Asia,Bachelor's,Y,N,17797,1986,Midwest,121102.8117,Year,Y,Certified
EZYV01377,Europe,Master's,Y,N,7952,2008,Northeast,97352.4904,Year,Y,Certified
EZYV01378,South America,Bachelor's,N,N,8763,2004,South,236590.9909,Year,N,Denied
EZYV01379,Europe,Doctorate,Y,N,44788,2015,Northeast,159602.1795,Year,Y,Certified
EZYV01380,Asia,High School,Y,Y,38451,2010,South,195134.8242,Year,Y,Denied
EZYV01381,Asia,Master's,Y,N,12608,1978,Island,9492.4938,Year,N,Certified
EZYV01382,Asia,Bachelor's,Y,N,18081,1963,South,213136.0903,Year,Y,Denied
EZYV01383,Asia,Bachelor's,N,Y,55497,1969,Midwest,104526.0467,Year,Y,Certified
EZYV01384,Oceania,Bachelor's,Y,N,34516,2007,Northeast,184342.6616,Year,Y,Certified
EZYV01385,Africa,Master's,Y,N,14340,1980,South,10198.3236,Hour,Y,Certified
EZYV01386,Asia,Doctorate,N,N,56028,2003,South,223489.5212,Year,Y,Certified
EZYV01387,North America,Bachelor's,Y,N,11928,1987,Northeast,165029.4283,Year,Y,Certified
EZYV01388,Asia,Bachelor's,Y,N,17491,2013,South,114483.6976,Year,Y,Certified
EZYV01389,Africa,Master's,Y,N,41570,1990,West,76028.8131,Year,Y,Certified
EZYV01390,Asia,Master's,Y,N,30756,2014,South,77893.8308,Year,Y,Certified
EZYV01391,Africa,Bachelor's,Y,N,4169,1975,Midwest,75988.8515,Year,Y,Certified
EZYV01392,South America,Master's,Y,N,48411,2006,Midwest,32930.258,Year,Y,Certified
EZYV01393,Asia,Master's,Y,N,13701,1991,South,116059.6226,Year,Y,Certified
EZYV01394,Asia,Master's,N,N,41507,1971,Island,113480.8913,Year,Y,Certified
EZYV01395,South America,Bachelor's,N,N,20072,1974,Northeast,103101.7775,Year,Y,Denied
EZYV01396,Asia,Bachelor's,N,N,45092,1978,Northeast,175832.9405,Year,Y,Denied
EZYV01397,Asia,Bachelor's,Y,Y,53888,1969,South,105069.7527,Year,Y,Certified
EZYV01398,Africa,Master's,Y,N,46357,2016,West,22433.1285,Year,Y,Certified
EZYV01399,Europe,Bachelor's,N,N,55272,1972,South,213044.4937,Year,Y,Denied
EZYV01400,Asia,Master's,N,N,32401,1995,West,106390.1961,Year,Y,Certified
EZYV01401,Asia,Master's,Y,N,3917,1994,Midwest,163890.3564,Year,Y,Certified
EZYV01402,Asia,Master's,Y,N,32170,1992,Northeast,232488.1094,Year,N,Certified
EZYV01403,Africa,High School,Y,N,27682,1997,Midwest,191900.2927,Year,Y,Certified
EZYV01404,Asia,Bachelor's,Y,N,43137,2014,South,134791.958,Year,Y,Denied
EZYV01405,Asia,Bachelor's,Y,N,14933,2018,South,136346.5598,Year,Y,Certified
EZYV01406,Asia,Master's,Y,N,41863,2012,South,212412.8531,Year,Y,Certified
EZYV01407,Africa,Doctorate,N,N,26507,1987,South,205943.3468,Year,Y,Certified
EZYV01408,Asia,Bachelor's,Y,N,40208,2003,South,44827.4525,Year,N,Certified
EZYV01409,South America,Master's,N,N,25194,1971,West,156699.9702,Year,Y,Certified
EZYV01410,North America,Bachelor's,Y,N,22937,2012,South,216455.7715,Year,N,Certified
EZYV01411,South America,Bachelor's,N,N,12867,1971,Northeast,200866.1953,Year,Y,Denied
EZYV01412,Oceania,High School,N,Y,49715,1966,West,31354.0609,Year,N,Denied
EZYV01413,South America,Master's,Y,N,4134,2009,West,109036.067,Year,Y,Certified
EZYV01414,Africa,Bachelor's,N,N,14183,2005,Midwest,129654.6295,Year,Y,Certified
EZYV01415,Asia,Bachelor's,N,N,25608,1968,South,64600.8267,Year,Y,Certified
EZYV01416,North America,Master's,N,N,9356,2017,West,169938.9465,Year,Y,Certified
EZYV01417,Asia,Master's,Y,N,55004,1966,South,119161.3778,Year,Y,Certified
EZYV01418,Asia,High School,N,Y,20719,1962,West,74517.6754,Year,Y,Denied
EZYV01419,South America,High School,Y,Y,14555,2017,South,84348.7585,Year,Y,Certified
EZYV01420,Oceania,Master's,Y,N,15241,1973,Northeast,214195.7551,Year,Y,Certified
EZYV01421,North America,Bachelor's,Y,N,11512,1974,Island,216576.7114,Year,Y,Certified
EZYV01422,Asia,Bachelor's,Y,N,39796,2007,West,203131.4392,Year,Y,Certified
EZYV01423,Asia,Master's,Y,N,28884,1996,West,228484.4315,Year,Y,Certified
EZYV01424,Asia,Bachelor's,Y,N,13872,1991,South,238086.1659,Year,Y,Certified
EZYV01425,Asia,Master's,N,N,52400,2019,West,123058.6121,Year,Y,Certified
EZYV01426,Asia,Bachelor's,Y,N,39394,1965,Northeast,24356.5649,Year,Y,Certified
EZYV01427,Asia,Bachelor's,N,Y,24183,2015,South,200057.7376,Year,Y,Denied
EZYV01428,Asia,Bachelor's,Y,N,30800,1976,Northeast,158431.2957,Year,Y,Certified
EZYV01429,North America,Bachelor's,N,N,39378,1997,Northeast,95253.1941,Year,Y,Denied
EZYV01430,Asia,High School,N,N,9159,1979,Northeast,243888.1815,Year,Y,Denied
EZYV01431,Africa,Bachelor's,N,Y,48505,1977,West,84803.5636,Year,Y,Denied
EZYV01432,Europe,Doctorate,N,N,15514,1979,Northeast,226926.9679,Year,Y,Certified
EZYV01433,Asia,Master's,N,N,1789,1993,Midwest,148227.5951,Year,Y,Denied
EZYV01434,Asia,Bachelor's,Y,N,31310,2012,Midwest,9353.1676,Year,Y,Certified
EZYV01435,Asia,Master's,Y,N,52587,1966,Northeast,215111.71,Year,Y,Certified
EZYV01436,Oceania,Master's,Y,N,43990,1999,West,190600.5514,Year,N,Certified
EZYV01437,Asia,Master's,Y,N,18518,2011,South,160693.3891,Year,Y,Certified
EZYV01438,Asia,Bachelor's,Y,N,23904,2004,Midwest,153723.8676,Year,Y,Denied
EZYV01439,Africa,Bachelor's,Y,N,35763,2018,South,54865.1061,Year,Y,Certified
EZYV01440,Oceania,Bachelor's,N,N,13981,1960,South,53778.6351,Year,Y,Certified
EZYV01441,Asia,High School,N,N,49207,1981,South,7487.2726,Year,Y,Denied
EZYV01442,Asia,Bachelor's,N,N,17715,1985,Midwest,38703.5383,Year,Y,Certified
EZYV01443,Asia,Master's,N,N,13012,1992,Northeast,84253.0198,Year,Y,Denied
EZYV01444,Asia,Doctorate,Y,N,5720,1979,Midwest,135273.0791,Year,Y,Certified
EZYV01445,Asia,Bachelor's,Y,N,41600,1975,Northeast,32875.9777,Year,Y,Certified
EZYV01446,Europe,Bachelor's,N,Y,1523,2011,West,139481.5306,Year,Y,Denied
EZYV01447,Africa,Bachelor's,N,N,48331,1973,South,65977.3663,Year,Y,Certified
EZYV01448,Asia,Bachelor's,Y,Y,58388,2017,Northeast,63639.489,Year,Y,Denied
EZYV01449,Europe,Master's,Y,Y,6680,1962,Northeast,236996.463,Year,Y,Denied
EZYV01450,Asia,High School,Y,N,5798,1985,South,248087.6671,Year,Y,Denied
EZYV01451,North America,Master's,Y,N,56071,1996,West,202897.3614,Year,Y,Certified
EZYV01452,Europe,Doctorate,Y,N,7506,2018,West,13787.1168,Year,Y,Certified
EZYV01453,South America,Master's,Y,N,24466,2005,Northeast,182212.2013,Year,Y,Certified
EZYV01454,Africa,Master's,N,N,52259,1960,South,44770.7478,Year,Y,Certified
EZYV01455,Asia,Master's,N,N,8351,2004,Northeast,142391.4842,Year,Y,Certified
EZYV01456,Asia,Bachelor's,Y,N,39815,1979,West,223449.6646,Year,Y,Certified
EZYV01457,Asia,Bachelor's,N,N,22966,2011,West,95172.8688,Year,Y,Denied
EZYV01458,Asia,Master's,N,N,26172,2006,Midwest,232224.6529,Year,Y,Certified
EZYV01459,Africa,High School,Y,N,55864,1971,Midwest,177151.3799,Year,Y,Certified
EZYV01460,Asia,Master's,N,N,38946,1981,South,75392.751,Month,N,Certified
EZYV01461,North America,Bachelor's,Y,N,19176,2009,Northeast,23910.3163,Year,Y,Certified
EZYV01462,Asia,Bachelor's,Y,N,56100,2015,Midwest,203874.7509,Year,Y,Certified
EZYV01463,Asia,Bachelor's,Y,Y,34852,1996,Northeast,114623.2402,Year,Y,Certified
EZYV01464,Asia,Doctorate,N,N,5976,1973,Northeast,18358.8333,Year,N,Certified
EZYV01465,Europe,Bachelor's,N,N,23566,1983,South,25959.9648,Year,Y,Certified
EZYV01466,Europe,Bachelor's,Y,N,14634,2007,West,241746.9532,Year,Y,Certified
EZYV01467,Asia,Bachelor's,Y,N,38551,1995,West,60901.8882,Year,N,Certified
EZYV01468,Asia,Master's,Y,N,51620,1972,Island,241654.4762,Year,Y,Certified
EZYV01469,North America,Doctorate,N,N,2360,1977,South,170353.663,Year,Y,Certified
EZYV01470,Asia,Bachelor's,N,N,46841,1971,Northeast,75262.6772,Year,Y,Denied
EZYV01471,Africa,Doctorate,Y,N,54980,1988,South,96055.223,Year,N,Certified
EZYV01472,Asia,Bachelor's,N,N,59655,1986,West,194304.2033,Year,Y,Denied
EZYV01473,Asia,Master's,Y,N,39675,1992,Northeast,108966.6617,Year,Y,Certified
EZYV01474,Asia,High School,Y,N,18844,2016,Midwest,18872.7443,Year,Y,Certified
EZYV01475,Asia,Bachelor's,Y,N,8732,1999,South,57607.5696,Year,N,Certified
EZYV01476,Asia,Master's,Y,Y,56694,1995,West,215114.1743,Year,Y,Certified
EZYV01477,Asia,Master's,Y,N,24759,1981,Midwest,174104.2994,Year,Y,Certified
EZYV01478,Oceania,Bachelor's,Y,N,20631,1998,South,125353.8246,Year,Y,Denied
EZYV01479,Asia,Master's,Y,N,44042,2017,West,61524.818,Year,Y,Certified
EZYV01480,Asia,Doctorate,N,N,42909,1960,South,118752.7356,Year,Y,Certified
EZYV01481,Asia,Bachelor's,Y,N,48564,1980,Midwest,197254.4946,Year,Y,Denied
EZYV01482,Asia,Master's,N,Y,52966,1963,Midwest,20569.4906,Year,Y,Certified
EZYV01483,Europe,Master's,Y,N,52623,1972,West,248693.0011,Year,Y,Certified
EZYV01484,Asia,Bachelor's,N,N,10259,1964,Northeast,214968.6835,Year,Y,Certified
EZYV01485,Europe,Master's,Y,N,10189,1995,Midwest,79627.8526,Year,Y,Certified
EZYV01486,Asia,Bachelor's,N,N,12350,2009,Midwest,217670.0631,Year,Y,Certified
EZYV01487,Oceania,Master's,Y,N,37643,2016,West,170492.2896,Year,Y,Certified
EZYV01488,Asia,Bachelor's,Y,Y,34863,1974,Island,166655.3359,Year,Y,Denied
EZYV01489,South America,Bachelor's,Y,N,51437,2001,South,35099.5003,Year,Y,Certified
EZYV01490,Asia,Master's,Y,N,50631,1979,South,226492.4812,Year,Y,Certified
EZYV01491,Asia,Master's,N,N,48805,1978,South,112695.3809,Year,Y,Certified
EZYV01492,South America,Master's,N,N,4750,1996,Northeast,200846.294,Year,Y,Denied
EZYV01493,Europe,Doctorate,N,N,41740,2000,South,75021.0428,Year,N,Certified
EZYV01494,North America,Bachelor's,Y,N,51055,1995,West,77139.3157,Year,Y,Certified
EZYV01495,Asia,Bachelor's,N,N,58943,1965,Northeast,241179.3572,Week,Y,Denied
EZYV01496,Europe,Bachelor's,N,N,20597,1984,Northeast,124265.6492,Year,Y,Denied
EZYV01497,South America,Bachelor's,Y,N,46606,1977,West,15160.7002,Year,Y,Certified
EZYV01498,Europe,Bachelor's,Y,N,24382,1960,West,208959.5204,Year,N,Certified
EZYV01499,Asia,Master's,N,N,9659,1962,Island,56962.0596,Year,Y,Certified
EZYV01500,Europe,Master's,Y,N,20401,1986,Northeast,219712.6875,Year,Y,Certified
EZYV01501,Europe,High School,Y,N,15084,1966,Midwest,229126.6815,Year,N,Certified
EZYV01502,Africa,Bachelor's,N,Y,54690,2004,Northeast,18376.9501,Year,Y,Certified
EZYV01503,Asia,Master's,Y,N,10550,1963,Northeast,145690.821,Year,Y,Certified
EZYV01504,Asia,Bachelor's,Y,N,7860,1974,West,245384.7216,Year,Y,Certified
EZYV01505,North America,Bachelor's,Y,N,34792,2019,South,232743.7197,Year,Y,Certified
EZYV01506,Asia,Bachelor's,N,N,34462,2002,West,131405.7729,Year,Y,Certified
EZYV01507,North America,Bachelor's,N,N,33672,1993,South,170187.2002,Year,Y,Denied
EZYV01508,Asia,Bachelor's,N,Y,8899,1960,Northeast,151144.6564,Year,N,Denied
EZYV01509,Asia,Master's,N,Y,29921,1962,South,50972.6859,Year,Y,Certified
EZYV01510,North America,Bachelor's,N,N,55716,2014,Northeast,163318.7941,Year,Y,Denied
EZYV01511,Asia,Master's,N,N,5402,2007,Northeast,83418.6676,Year,Y,Certified
EZYV01512,Asia,Master's,Y,N,47878,2017,Northeast,84625.3879,Hour,Y,Certified
EZYV01513,Europe,Master's,Y,N,7560,2008,South,105113.0426,Year,Y,Certified
EZYV01514,North America,Bachelor's,N,N,14040,1960,West,213073.7855,Year,Y,Denied
EZYV01515,South America,Bachelor's,N,N,53889,2008,Northeast,59738.7873,Year,Y,Denied
EZYV01516,Asia,Bachelor's,Y,N,17877,1987,West,62847.7584,Year,Y,Certified
EZYV01517,Asia,Bachelor's,N,Y,31352,2001,West,2033.5104,Year,Y,Certified
EZYV01518,Africa,Bachelor's,N,N,22900,1984,South,38920.7159,Year,N,Denied
EZYV01519,Asia,Master's,Y,N,36860,2003,South,244674.086,Year,Y,Certified
EZYV01520,Asia,Bachelor's,Y,N,24333,2010,West,108580.7124,Year,Y,Certified
EZYV01521,Asia,High School,Y,N,26638,2018,Midwest,48952.1401,Year,Y,Denied
EZYV01522,Asia,Bachelor's,Y,N,49043,1992,Northeast,241427.3163,Week,Y,Denied
EZYV01523,South America,Master's,Y,Y,33253,1976,Midwest,6974.0434,Year,Y,Certified
EZYV01524,North America,Master's,Y,N,33878,1996,Northeast,121144.7634,Year,Y,Certified
EZYV01525,North America,Master's,Y,N,48337,1989,South,201189.6135,Year,Y,Certified
EZYV01526,Asia,Master's,Y,N,25685,1972,South,193251.7361,Year,Y,Certified
EZYV01527,Asia,Master's,N,N,49417,2003,Northeast,47466.4729,Year,N,Certified
EZYV01528,Asia,Master's,N,N,43170,1964,Northeast,177005.8604,Year,Y,Certified
EZYV01529,Asia,Bachelor's,Y,Y,53025,1984,Northeast,155647.6944,Year,Y,Certified
EZYV01530,Asia,Master's,Y,N,27480,2001,Northeast,168883.9988,Year,Y,Certified
EZYV01531,Asia,Master's,Y,N,33526,2015,West,66672.9829,Year,Y,Certified
EZYV01532,Asia,Bachelor's,Y,Y,7707,1997,Northeast,202721.4501,Year,Y,Certified
EZYV01533,Europe,Master's,Y,N,6693,2018,West,139897.5298,Year,Y,Certified
EZYV01534,North America,Bachelor's,Y,N,6462,2009,Midwest,181324.4963,Year,Y,Certified
EZYV01535,Asia,Master's,Y,N,37985,1974,South,234905.4628,Year,Y,Certified
EZYV01536,Asia,High School,N,N,19567,2010,Northeast,213903.2188,Year,Y,Denied
EZYV01537,North America,Master's,Y,N,17345,1980,South,195627.9001,Year,Y,Certified
EZYV01538,North America,Master's,N,N,36178,1997,Midwest,72554.2576,Year,Y,Certified
EZYV01539,North America,Bachelor's,Y,N,23912,1972,South,13709.9615,Year,Y,Certified
EZYV01540,Asia,Bachelor's,Y,N,8103,1992,Northeast,143746.1869,Week,Y,Denied
EZYV01541,South America,High School,N,N,33453,2000,Island,8821.3607,Year,Y,Certified
EZYV01542,Asia,High School,Y,N,33014,2014,South,178604.6056,Year,Y,Denied
EZYV01543,Asia,Doctorate,N,N,8394,2016,South,184258.0535,Year,Y,Certified
EZYV01544,Asia,Bachelor's,N,N,16187,2008,Midwest,140815.2331,Year,Y,Certified
EZYV01545,Asia,Bachelor's,Y,N,14247,1993,Midwest,42204.3478,Year,Y,Certified
EZYV01546,Asia,Bachelor's,Y,N,41729,2012,South,218955.2144,Year,Y,Certified
EZYV01547,Asia,Doctorate,Y,N,14959,1966,South,149061.1238,Year,Y,Certified
EZYV01548,North America,Bachelor's,Y,N,1710,2019,South,128820.0091,Year,Y,Certified
EZYV01549,Asia,Master's,Y,N,16016,1972,Northeast,141984.4215,Year,Y,Certified
EZYV01550,Asia,Bachelor's,Y,N,28149,1984,South,20905.1943,Year,Y,Certified
EZYV01551,Asia,High School,N,N,46167,2014,Northeast,185161.1763,Year,Y,Denied
EZYV01552,Asia,Master's,N,N,3150,2003,West,15381.7409,Year,Y,Certified
EZYV01553,Asia,High School,Y,N,52874,2010,West,144681.362,Year,Y,Denied
EZYV01554,Asia,Master's,Y,Y,19840,2001,Midwest,42480.4204,Year,Y,Certified
EZYV01555,Asia,Bachelor's,N,N,20567,1996,Midwest,52083.9444,Year,Y,Certified
EZYV01556,North America,Master's,N,N,949,1970,Northeast,58466.9118,Year,Y,Certified
EZYV01557,Africa,Master's,Y,N,16591,2019,Northeast,3773.5485,Year,Y,Certified
EZYV01558,Asia,Master's,Y,Y,28153,1998,South,222981.34,Hour,Y,Certified
EZYV01559,Europe,High School,N,N,37571,2000,Northeast,201097.9708,Year,Y,Certified
EZYV01560,South America,Master's,N,N,46024,1985,Northeast,8015.3546,Hour,Y,Certified
EZYV01561,Oceania,Doctorate,N,N,31370,2017,West,14435.1248,Year,Y,Certified
EZYV01562,Europe,Bachelor's,Y,N,6026,1987,South,195762.6365,Year,Y,Certified
EZYV01563,South America,Bachelor's,Y,N,23494,1971,Northeast,1899.4612,Year,Y,Certified
EZYV01564,Africa,Master's,Y,N,44117,1970,South,117355.9286,Year,Y,Certified
EZYV01565,North America,Bachelor's,Y,N,38378,2001,Midwest,27002.8541,Year,Y,Certified
EZYV01566,Asia,Master's,N,N,35057,2004,West,147989.7303,Year,Y,Certified
EZYV01567,Asia,Master's,Y,N,30508,1972,Northeast,249585.4364,Year,Y,Certified
EZYV01568,Asia,High School,N,N,30283,2001,South,43170.9746,Year,Y,Denied
EZYV01569,Asia,Master's,N,N,59581,2019,Midwest,239179.6251,Hour,Y,Certified
EZYV01570,Asia,Master's,N,N,35975,1991,Northeast,216396.5403,Year,Y,Certified
EZYV01571,Asia,Bachelor's,N,N,35831,2018,West,246466.571,Year,Y,Certified
EZYV01572,Europe,Master's,N,N,20163,1969,West,191593.9207,Year,Y,Certified
EZYV01573,Europe,Bachelor's,Y,N,29409,1984,West,214277.164,Year,Y,Denied
EZYV01574,South America,Bachelor's,Y,N,42624,1993,Northeast,148730.4904,Year,Y,Certified
EZYV01575,Asia,Master's,Y,N,51483,1981,Midwest,216847.5635,Year,Y,Certified
EZYV01576,Asia,Bachelor's,N,N,46783,1966,South,28055.7615,Year,Y,Denied
EZYV01577,North America,Master's,N,N,39745,1987,Northeast,185465.2452,Year,Y,Denied
EZYV01578,South America,High School,Y,N,46696,1980,Northeast,157255.152,Year,Y,Certified
EZYV01579,Oceania,Bachelor's,Y,N,1990,1972,South,15149.6514,Year,N,Certified
EZYV01580,South America,High School,Y,Y,16178,1982,Northeast,73039.2748,Year,Y,Denied
EZYV01581,South America,Master's,Y,N,14595,1985,West,54183.4787,Year,Y,Certified
EZYV01582,Asia,Master's,N,N,39239,2013,Midwest,101412.8276,Year,Y,Certified
EZYV01583,Asia,Master's,Y,N,45204,1989,Northeast,49748.6647,Hour,Y,Certified
EZYV01584,Asia,Doctorate,N,N,8898,1984,Midwest,68852.4451,Year,Y,Certified
EZYV01585,Europe,Master's,Y,N,11587,1983,Island,74148.3278,Year,Y,Certified
EZYV01586,Africa,Master's,Y,N,29732,1995,Northeast,150032.7616,Year,N,Certified
EZYV01587,Asia,Master's,Y,N,58098,1976,West,33891.4653,Year,Y,Certified
EZYV01588,Europe,Doctorate,N,N,172,2012,Island,60427.0884,Year,Y,Certified
EZYV01589,Asia,Master's,N,N,52769,1985,West,79423.5856,Year,Y,Denied
EZYV01590,Asia,Doctorate,Y,N,11627,1985,South,112377.171,Year,Y,Certified
EZYV01591,Asia,Bachelor's,Y,Y,16122,1963,Midwest,9714.5405,Year,Y,Certified
EZYV01592,Asia,Bachelor's,N,N,37909,2013,West,249803.0207,Year,Y,Denied
EZYV01593,Africa,Master's,N,N,43730,1988,South,75237.9222,Year,Y,Certified
EZYV01594,Asia,Bachelor's,N,N,52463,1968,Northeast,71978.7462,Year,Y,Denied
EZYV01595,South America,Bachelor's,N,N,344,1970,South,138806.6725,Year,Y,Denied
EZYV01596,Europe,Doctorate,N,N,2955,1981,South,213537.2384,Year,Y,Certified
EZYV01597,Asia,Bachelor's,Y,N,28701,2006,South,114310.9801,Year,Y,Denied
EZYV01598,Asia,Bachelor's,N,N,33519,1965,Northeast,62360.0324,Hour,Y,Denied
EZYV01599,North America,Bachelor's,Y,Y,15662,1967,Midwest,141555.7007,Year,Y,Certified
EZYV01600,Asia,Bachelor's,N,N,38211,1993,West,120839.049,Year,Y,Denied
EZYV01601,Africa,Master's,N,N,15925,1989,South,105884.0918,Year,Y,Certified
EZYV01602,Asia,Doctorate,N,N,55944,2017,Northeast,245973.9611,Year,Y,Certified
EZYV01603,Europe,Doctorate,Y,N,10658,2005,Northeast,248988.3761,Year,Y,Certified
EZYV01604,North America,Master's,Y,N,39313,1999,Northeast,140573.5683,Year,Y,Certified
EZYV01605,Asia,Master's,N,N,31826,1980,West,17187.381,Year,Y,Certified
EZYV01606,Asia,Bachelor's,N,Y,6195,1997,Northeast,141816.0116,Year,Y,Certified
EZYV01607,Africa,Master's,N,N,36296,1995,Midwest,238127.5427,Year,Y,Certified
EZYV01608,Asia,Bachelor's,Y,N,8817,1976,Northeast,231437.9942,Hour,N,Denied
EZYV01609,Asia,Bachelor's,Y,N,32381,1982,Northeast,54032.1122,Year,N,Certified
EZYV01610,Asia,Doctorate,N,N,38151,2015,Midwest,47691.8466,Year,Y,Certified
EZYV01611,Asia,Master's,N,N,4344,1992,South,38233.5126,Year,Y,Certified
EZYV01612,North America,Bachelor's,N,N,12948,1988,South,204982.1305,Year,Y,Certified
EZYV01613,North America,Master's,N,N,17752,2007,Northeast,122615.7532,Year,Y,Certified
EZYV01614,Asia,Bachelor's,Y,N,55699,1976,West,84644.0334,Year,Y,Certified
EZYV01615,South America,Bachelor's,Y,N,13281,1973,South,81336.8308,Year,N,Certified
EZYV01616,Asia,Bachelor's,N,N,55242,2019,Midwest,68998.2281,Year,N,Certified
EZYV01617,Asia,Bachelor's,Y,N,32045,2008,West,220678.4196,Year,Y,Certified
EZYV01618,Europe,Master's,N,N,56920,1985,Midwest,102538.0372,Year,N,Certified
EZYV01619,Oceania,Bachelor's,N,N,49879,2016,West,61155.6304,Year,Y,Denied
EZYV01620,Asia,Master's,N,N,17587,1982,West,177659.1206,Year,Y,Certified
EZYV01621,Asia,Bachelor's,Y,N,33592,2000,West,158936.5483,Year,Y,Certified
EZYV01622,Asia,Doctorate,N,N,43021,1962,South,178898.3155,Year,Y,Certified
EZYV01623,North America,Master's,Y,N,4715,2001,West,205524.6374,Year,Y,Certified
EZYV01624,Asia,Doctorate,Y,N,39785,1970,West,25488.1819,Year,Y,Certified
EZYV01625,Asia,Bachelor's,Y,N,27588,1974,Northeast,696.7876,Year,Y,Certified
EZYV01626,North America,Master's,Y,N,2150,2008,West,12831.447,Year,Y,Certified
EZYV01627,Asia,Master's,N,N,52022,1972,Northeast,176756.9561,Year,Y,Certified
EZYV01628,Asia,Bachelor's,N,Y,15944,1988,South,233637.2358,Year,Y,Certified
EZYV01629,Asia,Bachelor's,Y,N,52453,2015,Northeast,82910.1244,Year,Y,Certified
EZYV01630,Asia,Bachelor's,N,N,12417,2017,Northeast,195342.3028,Year,Y,Certified
EZYV01631,Asia,Bachelor's,Y,N,32506,1986,Northeast,182350.2908,Year,Y,Certified
EZYV01632,South America,Bachelor's,N,N,22257,1965,Northeast,244519.7825,Year,Y,Certified
EZYV01633,Europe,Bachelor's,N,N,53581,1977,Northeast,117804.1118,Year,Y,Denied
EZYV01634,Europe,Bachelor's,Y,N,57183,1996,Northeast,41685.0272,Year,Y,Certified
EZYV01635,Oceania,Master's,Y,N,46207,1980,South,191354.8039,Year,Y,Certified
EZYV01636,Asia,High School,Y,Y,50738,2003,South,204740.9522,Year,Y,Denied
EZYV01637,Asia,Bachelor's,Y,N,46138,2019,Island,176883.5589,Year,Y,Denied
EZYV01638,Africa,Master's,N,N,17616,1997,West,215822.782,Year,Y,Denied
EZYV01639,Asia,Bachelor's,Y,N,55225,1997,Northeast,92921.4093,Year,Y,Certified
EZYV01640,North America,Bachelor's,Y,N,31808,1991,South,172640.6878,Year,Y,Certified
EZYV01641,North America,Bachelor's,Y,N,20618,1971,South,66109.3901,Year,Y,Certified
EZYV01642,Asia,High School,N,N,11548,1994,South,111720.7485,Year,Y,Denied
EZYV01643,Asia,Bachelor's,Y,N,42590,2015,South,60774.5439,Year,Y,Certified
EZYV01644,Asia,High School,N,N,16656,2001,West,38802.5114,Hour,Y,Denied
EZYV01645,Asia,Bachelor's,N,N,39165,2005,West,9181.1214,Year,Y,Certified
EZYV01646,Asia,Doctorate,Y,N,3914,2011,South,167921.7797,Month,Y,Certified
EZYV01647,Asia,Doctorate,Y,N,38093,1983,West,218843.2175,Year,Y,Certified
EZYV01648,North America,Bachelor's,Y,N,38561,1980,South,78741.9747,Year,Y,Certified
EZYV01649,Africa,Bachelor's,Y,N,31490,2018,Midwest,107422.9988,Year,Y,Certified
EZYV01650,North America,Bachelor's,N,N,39420,1987,Midwest,1086.0277,Year,Y,Denied
EZYV01651,Asia,Master's,N,N,59627,2004,South,103331.1222,Year,Y,Denied
EZYV01652,Asia,Master's,Y,N,50312,1998,West,70474.2643,Year,Y,Certified
EZYV01653,Asia,Bachelor's,Y,N,26381,1967,Midwest,143635.1675,Year,Y,Certified
EZYV01654,Asia,Bachelor's,Y,N,52295,1978,South,227147.5923,Year,Y,Certified
EZYV01655,Africa,Bachelor's,Y,N,57267,1979,Northeast,126636.9118,Year,Y,Certified
EZYV01656,Asia,Master's,N,N,9616,1970,West,168948.0584,Year,Y,Certified
EZYV01657,Asia,Doctorate,N,N,21545,2006,South,176429.6134,Year,Y,Certified
EZYV01658,South America,Bachelor's,N,N,44586,2017,Northeast,38277.4917,Year,Y,Certified
EZYV01659,Asia,Master's,Y,N,30905,2017,West,86773.3378,Year,Y,Certified
EZYV01660,Asia,Bachelor's,Y,N,8095,1971,South,28463.7587,Year,Y,Certified
EZYV01661,Asia,Master's,Y,N,28358,1986,Northeast,110298.5016,Year,Y,Certified
EZYV01662,Europe,Doctorate,N,N,22432,1973,Island,221843.9633,Year,Y,Certified
EZYV01663,North America,Bachelor's,N,N,44333,1963,Northeast,120337.4008,Year,Y,Denied
EZYV01664,Asia,High School,N,N,30939,1997,South,114147.0152,Year,Y,Denied
EZYV01665,Africa,Master's,Y,N,8408,2011,West,52489.0217,Year,N,Denied
EZYV01666,South America,Bachelor's,Y,N,2982,1964,Northeast,77692.2766,Year,Y,Certified
EZYV01667,South America,Master's,N,N,17248,1998,West,234162.5732,Year,Y,Certified
EZYV01668,Asia,Bachelor's,Y,Y,9418,1962,West,75888.232,Year,Y,Denied
EZYV01669,Asia,Master's,N,N,52578,2010,South,182900.3691,Year,Y,Denied
EZYV01670,South America,Bachelor's,Y,Y,16277,1963,South,10726.9879,Year,Y,Certified
EZYV01671,Asia,Bachelor's,N,N,38075,1986,Midwest,32252.8272,Year,Y,Denied
EZYV01672,Europe,Bachelor's,Y,N,7665,1967,Midwest,78007.1835,Year,N,Certified
EZYV01673,North America,High School,N,N,26511,1984,Northeast,225374.9312,Year,Y,Denied
EZYV01674,Asia,Bachelor's,Y,N,56046,1985,South,54979.0554,Year,N,Certified
EZYV01675,North America,Master's,Y,N,38611,1992,South,181740.8036,Year,Y,Certified
EZYV01676,Africa,Bachelor's,Y,N,17309,2009,Midwest,42047.6118,Year,Y,Certified
EZYV01677,North America,Bachelor's,Y,N,44863,2019,Midwest,153287.9431,Year,N,Denied
EZYV01678,Asia,Bachelor's,N,N,30077,1980,South,146789.692,Year,Y,Denied
EZYV01679,South America,High School,N,Y,14117,2015,Midwest,155562.5857,Year,Y,Denied
EZYV01680,Asia,Master's,N,N,59792,1985,South,71711.8751,Year,Y,Certified
EZYV01681,North America,Doctorate,N,N,56256,1967,Northeast,40693.3286,Year,Y,Certified
EZYV01682,South America,High School,N,N,34005,1996,West,221644.1401,Year,Y,Denied
EZYV01683,North America,Master's,Y,N,2005,2003,South,142447.0956,Year,Y,Certified
EZYV01684,Asia,Master's,N,N,24698,1978,West,53168.3838,Year,Y,Certified
EZYV01685,Asia,Doctorate,Y,N,30844,1995,South,103449.5975,Year,Y,Certified
EZYV01686,Asia,Bachelor's,N,N,55788,1985,West,16959.4549,Year,Y,Certified
EZYV01687,Asia,Bachelor's,Y,N,43983,1968,Midwest,118948.9539,Year,N,Denied
EZYV01688,Asia,Bachelor's,N,N,13361,1983,Northeast,106087.9159,Hour,Y,Denied
EZYV01689,Europe,Master's,Y,N,30608,1985,South,33355.0141,Year,Y,Certified
EZYV01690,Asia,Master's,Y,N,10782,1980,West,111204.2093,Year,N,Denied
EZYV01691,North America,Bachelor's,Y,N,28438,2014,Northeast,159955.1784,Year,Y,Certified
EZYV01692,Africa,Bachelor's,Y,N,32128,1983,West,232136.9131,Year,Y,Certified
EZYV01693,Asia,Master's,Y,Y,30594,1997,West,175855.6615,Year,Y,Certified
EZYV01694,North America,Master's,Y,N,25646,1960,Northeast,125708.3345,Year,Y,Certified
EZYV01695,Europe,Bachelor's,Y,N,26243,1978,Midwest,192558.7692,Year,Y,Certified
EZYV01696,Asia,Master's,N,Y,47822,2013,South,70127.8333,Year,Y,Denied
EZYV01697,Asia,Bachelor's,Y,N,30359,2013,Northeast,167261.6433,Year,N,Certified
EZYV01698,North America,Bachelor's,N,N,2534,2018,Northeast,1464.5293,Year,Y,Denied
EZYV01699,Africa,Master's,Y,N,44453,1963,West,18323.2724,Year,Y,Certified
EZYV01700,North America,Master's,Y,N,37069,2011,Midwest,156141.556,Hour,Y,Denied
EZYV01701,Africa,Doctorate,Y,N,41745,1976,South,48298.8837,Year,Y,Certified
EZYV01702,Oceania,Bachelor's,Y,N,42645,1960,Northeast,172244.6506,Year,Y,Certified
EZYV01703,Asia,Bachelor's,Y,N,10403,1965,Northeast,159260.9655,Year,Y,Certified
EZYV01704,Europe,Bachelor's,N,N,58315,2005,West,16103.954,Year,Y,Denied
EZYV01705,Asia,Bachelor's,Y,N,59423,1995,South,98245.6673,Year,Y,Certified
EZYV01706,Oceania,Bachelor's,Y,N,8758,1994,South,153327.9491,Hour,N,Certified
EZYV01707,Asia,High School,Y,N,13148,2012,South,178427.7116,Year,Y,Certified
EZYV01708,Asia,Bachelor's,Y,N,14785,1965,South,204057.8233,Year,Y,Denied
EZYV01709,South America,Bachelor's,Y,N,57987,1964,West,82744.6368,Year,Y,Certified
EZYV01710,Asia,Bachelor's,N,N,55947,2015,South,209211.6674,Year,Y,Denied
EZYV01711,North America,Master's,Y,N,15911,1996,Northeast,88692.7556,Year,N,Certified
EZYV01712,Asia,Bachelor's,N,N,37843,2006,South,1945.3129,Hour,Y,Certified
EZYV01713,Oceania,Master's,Y,N,14618,1991,South,152579.4738,Year,Y,Certified
EZYV01714,South America,Doctorate,Y,N,2297,1968,South,60568.8156,Year,Y,Certified
EZYV01715,Asia,Master's,Y,N,13830,1991,Northeast,31270.4492,Year,Y,Certified
EZYV01716,North America,Bachelor's,Y,N,4654,2017,Northeast,64737.7809,Year,Y,Certified
EZYV01717,Asia,Bachelor's,Y,N,50866,1967,South,207012.9167,Year,Y,Certified
EZYV01718,Europe,Master's,N,N,47129,1967,Northeast,228517.5268,Year,Y,Denied
EZYV01719,Europe,Master's,N,Y,11070,1980,West,240431.8166,Year,Y,Denied
EZYV01720,South America,Bachelor's,Y,N,34054,1987,South,75847.0247,Year,Y,Certified
EZYV01721,Asia,Bachelor's,Y,N,12321,1997,Northeast,114090.9913,Year,Y,Certified
EZYV01722,Asia,Master's,N,N,33931,1969,West,200671.0205,Year,Y,Certified
EZYV01723,North America,Bachelor's,Y,Y,53759,2016,South,79612.0916,Year,Y,Certified
EZYV01724,Europe,Master's,Y,N,52793,1969,Northeast,96408.7679,Year,Y,Certified
EZYV01725,Asia,High School,N,N,49986,1972,West,59471.1674,Hour,Y,Denied
EZYV01726,Asia,Bachelor's,Y,N,14477,2018,South,143177.3564,Year,Y,Certified
EZYV01727,Asia,Master's,Y,N,11456,1982,Midwest,164884.8214,Year,Y,Certified
EZYV01728,South America,Bachelor's,Y,N,9638,1994,Northeast,79746.1759,Hour,Y,Certified
EZYV01729,Asia,Master's,N,N,7640,1986,Midwest,6252.783,Year,Y,Denied
EZYV01730,Asia,Bachelor's,Y,N,36834,1975,Midwest,184029.7718,Year,Y,Denied
EZYV01731,Africa,Bachelor's,N,N,39511,1990,Northeast,154226.0029,Year,Y,Denied
EZYV01732,Asia,Doctorate,Y,Y,52947,2006,South,54905.8966,Year,Y,Certified
EZYV01733,North America,Bachelor's,Y,N,5433,1960,West,78798.9893,Year,Y,Certified
EZYV01734,Asia,Bachelor's,Y,N,15926,2012,South,239286.9746,Year,Y,Certified
EZYV01735,South America,Doctorate,N,N,43681,1971,South,157624.8455,Hour,Y,Certified
EZYV01736,North America,Master's,Y,N,40882,2015,Midwest,148950.3435,Year,N,Certified
EZYV01737,South America,Master's,N,N,25654,2017,West,159994.7462,Year,Y,Certified
EZYV01738,Asia,High School,Y,N,9155,2015,Midwest,238620.2448,Year,Y,Denied
EZYV01739,Asia,Bachelor's,Y,N,29060,1999,Midwest,85096.7966,Year,Y,Certified
EZYV01740,North America,Master's,Y,N,10326,2014,Midwest,70372.8108,Year,Y,Certified
EZYV01741,Asia,Bachelor's,Y,N,32138,2011,West,94310.2716,Year,Y,Certified
EZYV01742,Asia,Bachelor's,Y,N,54092,1998,West,200277.0837,Year,Y,Certified
EZYV01743,Asia,Master's,N,Y,11753,2013,Midwest,30415.5268,Hour,Y,Denied
EZYV01744,Africa,Bachelor's,N,N,7091,1980,West,51864.8095,Year,Y,Certified
EZYV01745,North America,High School,N,N,44261,2010,Northeast,57215.729,Hour,Y,Denied
EZYV01746,Europe,High School,N,N,1475,2015,West,159167.0723,Year,Y,Denied
EZYV01747,North America,Bachelor's,Y,N,59004,1998,Northeast,160467.4396,Year,Y,Certified
EZYV01748,Asia,Master's,N,N,46499,1967,Midwest,93097.2186,Year,N,Certified
EZYV01749,Asia,Master's,Y,N,24211,1972,West,69192.8297,Year,Y,Certified
EZYV01750,Asia,Bachelor's,N,N,21760,1970,South,188712.0524,Year,Y,Certified
EZYV01751,Europe,Bachelor's,N,N,23220,1991,Northeast,8125.2964,Year,Y,Certified
EZYV01752,Asia,Master's,Y,N,23808,1986,South,184736.6801,Year,Y,Certified
EZYV01753,South America,Bachelor's,N,N,50375,2009,South,52726.4438,Year,Y,Denied
EZYV01754,North America,Bachelor's,N,N,47994,1977,West,225713.7088,Year,Y,Denied
EZYV01755,Asia,Doctorate,Y,N,12286,1969,West,103540.5728,Year,Y,Certified
EZYV01756,Europe,Master's,N,N,10808,1996,South,160645.7665,Year,Y,Certified
EZYV01757,Asia,Bachelor's,Y,N,32440,1968,Northeast,30418.1336,Year,Y,Certified
EZYV01758,Oceania,Doctorate,Y,N,39024,2014,South,63620.3252,Year,N,Certified
EZYV01759,Africa,High School,Y,N,43634,1964,South,175212.0269,Year,Y,Denied
EZYV01760,Africa,Doctorate,Y,N,18821,1989,Midwest,137678.7915,Year,N,Certified
EZYV01761,Asia,Master's,Y,N,28955,2016,Midwest,192665.2498,Year,Y,Certified
EZYV01762,Asia,Master's,N,N,6269,1993,West,140937.9045,Hour,Y,Certified
EZYV01763,Asia,Doctorate,Y,N,27352,2008,South,142418.9289,Year,Y,Certified
EZYV01764,Asia,Master's,Y,N,41254,1985,Northeast,214593.0936,Year,Y,Certified
EZYV01765,Asia,Bachelor's,N,N,18275,2005,Midwest,106287.5413,Year,Y,Certified
EZYV01766,Asia,Bachelor's,Y,N,19130,2002,Island,223782.171,Year,Y,Certified
EZYV01767,Oceania,Master's,N,N,27744,1990,Northeast,93179.369,Year,Y,Denied
EZYV01768,Asia,Master's,Y,N,51998,1966,West,82282.8329,Hour,Y,Denied
EZYV01769,Asia,Bachelor's,N,N,36252,2018,South,194899.4349,Year,N,Certified
EZYV01770,South America,Master's,N,N,55143,1962,Northeast,3084.2906,Year,Y,Denied
EZYV01771,Europe,Master's,Y,Y,3714,1981,Island,43213.5915,Year,Y,Certified
EZYV01772,North America,Bachelor's,Y,N,50945,1998,Midwest,18127.0818,Year,Y,Certified
EZYV01773,Europe,High School,Y,N,2640,2006,Island,128123.8522,Year,Y,Certified
EZYV01774,South America,Bachelor's,N,N,19351,1992,Northeast,157092.1361,Year,Y,Denied
EZYV01775,Europe,High School,N,N,25603,1984,South,2791.9113,Year,Y,Denied
EZYV01776,Asia,High School,Y,N,14206,1984,Midwest,40533.5944,Year,Y,Certified
EZYV01777,North America,Bachelor's,Y,N,59357,2018,West,75774.8314,Year,Y,Certified
EZYV01778,Asia,High School,N,N,53569,1980,South,73697.7385,Year,Y,Denied
EZYV01779,Asia,Bachelor's,Y,N,34280,2011,South,24463.7527,Year,Y,Denied
EZYV01780,Asia,Master's,N,N,27185,1963,Northeast,43377.2945,Year,N,Certified
EZYV01781,Asia,Bachelor's,N,N,45709,1999,West,211793.5299,Year,Y,Denied
EZYV01782,North America,Doctorate,Y,N,42468,2000,Midwest,175205.1692,Year,Y,Certified
EZYV01783,Asia,Doctorate,Y,N,28845,2000,Northeast,74164.3768,Hour,Y,Certified
EZYV01784,Asia,Master's,Y,N,49632,1985,Northeast,65999.1846,Year,N,Certified
EZYV01785,Asia,Doctorate,Y,N,11588,2001,South,20233.7607,Year,Y,Certified
EZYV01786,South America,Master's,N,N,16672,1986,West,87356.7032,Year,Y,Certified
EZYV01787,Asia,Bachelor's,N,N,1073,1995,South,99637.7648,Year,N,Denied
EZYV01788,Europe,Master's,N,N,7159,2013,Northeast,226064.5778,Year,Y,Certified
EZYV01789,South America,Bachelor's,Y,Y,11938,2000,West,185830.3054,Year,Y,Certified
EZYV01790,Asia,Master's,Y,N,37495,2004,Northeast,119892.6128,Year,Y,Certified
EZYV01791,North America,Bachelor's,N,N,51333,2018,West,33887.3457,Year,Y,Certified
EZYV01792,Asia,High School,Y,N,35417,1973,South,164109.1799,Year,Y,Denied
EZYV01793,Asia,Bachelor's,Y,N,26732,1995,South,234015.8757,Year,Y,Certified
EZYV01794,Europe,Doctorate,Y,N,16222,1999,West,19695.604,Year,Y,Certified
EZYV01795,Africa,Bachelor's,N,N,6099,2001,West,212182.2204,Year,N,Certified
EZYV01796,Asia,Bachelor's,N,N,35088,1967,West,45192.6159,Year,Y,Denied
EZYV01797,Europe,Bachelor's,Y,N,8462,2005,South,175379.9774,Hour,Y,Certified
EZYV01798,Asia,Bachelor's,N,N,47424,1971,South,46127.2381,Year,N,Certified
EZYV01799,Europe,Master's,Y,N,24540,1984,South,150083.386,Year,Y,Certified
EZYV01800,Europe,Master's,Y,N,21010,2002,South,59558.6211,Year,Y,Certified
EZYV01801,Europe,Bachelor's,Y,Y,1613,1975,South,135516.1759,Year,N,Certified
EZYV01802,Europe,Bachelor's,N,N,14550,1967,South,150119.4357,Year,Y,Certified
EZYV01803,Asia,High School,Y,N,816,2000,Northeast,154706.3772,Year,Y,Certified
EZYV01804,Europe,Bachelor's,Y,Y,43504,1976,West,170763.1597,Hour,Y,Certified
EZYV01805,Europe,Master's,Y,N,29400,2009,Northeast,17443.5879,Year,Y,Certified
EZYV01806,Europe,Master's,N,N,47155,2013,Midwest,175906.1735,Year,Y,Certified
EZYV01807,Asia,Bachelor's,N,N,33920,1980,West,38818.5115,Hour,Y,Denied
EZYV01808,Asia,Master's,Y,N,57258,2004,Northeast,169322.7068,Year,Y,Denied
EZYV01809,Asia,Bachelor's,N,N,47030,1973,West,31184.596,Year,Y,Denied
EZYV01810,Asia,Master's,Y,N,8867,2015,South,119957.7947,Year,Y,Certified
EZYV01811,Asia,Master's,Y,N,7009,1974,Midwest,96814.7528,Year,Y,Certified
EZYV01812,Asia,Master's,N,N,53357,2012,Midwest,241843.1199,Year,Y,Denied
EZYV01813,North America,Master's,N,N,16157,2007,Midwest,157776.1296,Year,Y,Certified
EZYV01814,Asia,Doctorate,Y,N,45909,1978,West,22233.8371,Year,Y,Certified
EZYV01815,South America,Bachelor's,Y,Y,37720,2009,Midwest,175281.4381,Hour,Y,Certified
EZYV01816,Asia,High School,Y,Y,42118,1997,West,48695.7721,Year,Y,Denied
EZYV01817,North America,Bachelor's,Y,N,16018,2000,Midwest,71680.3606,Year,Y,Certified
EZYV01818,Asia,Master's,N,N,18793,1982,Northeast,94735.0715,Year,Y,Certified
EZYV01819,Asia,Master's,N,N,33297,1974,Midwest,194101.115,Year,Y,Certified
EZYV01820,Europe,Master's,Y,N,1346,2001,West,236031.4185,Year,Y,Certified
EZYV01821,Africa,Master's,N,N,18709,1963,South,231098.9272,Year,Y,Certified
EZYV01822,Asia,Bachelor's,Y,Y,30460,1980,Island,42836.7712,Year,Y,Denied
EZYV01823,Asia,Master's,Y,N,12279,1968,West,15291.2867,Year,Y,Certified
EZYV01824,Europe,Master's,Y,N,17156,1960,Midwest,207167.5482,Hour,Y,Certified
EZYV01825,North America,Bachelor's,N,N,59012,1960,Northeast,72196.9221,Year,Y,Denied
EZYV01826,Asia,Bachelor's,Y,N,17399,1965,South,145789.9607,Year,Y,Certified
EZYV01827,Asia,Bachelor's,N,N,54146,2016,West,244661.1408,Year,Y,Certified
EZYV01828,Asia,Bachelor's,Y,N,55629,2006,Northeast,46768.2169,Year,Y,Certified
EZYV01829,Africa,Master's,N,N,40438,2019,West,93839.0018,Year,N,Certified
EZYV01830,Asia,Doctorate,Y,N,9190,1965,West,216926.2167,Year,Y,Certified
EZYV01831,Asia,Master's,N,N,12353,2019,Northeast,162565.1407,Year,N,Denied
EZYV01832,Africa,Bachelor's,N,Y,56054,1995,West,234400.7411,Year,Y,Denied
EZYV01833,Asia,Master's,Y,N,104,2007,Northeast,158003.4849,Year,Y,Certified
EZYV01834,Asia,Master's,N,N,30235,2011,Midwest,76031.778,Year,Y,Certified
EZYV01835,Asia,Bachelor's,N,N,35782,1975,Midwest,201316.1297,Hour,Y,Denied
EZYV01836,Asia,Master's,Y,Y,50299,2004,South,189864.086,Year,Y,Certified
EZYV01837,Asia,High School,Y,N,53705,1998,South,233418.0115,Hour,Y,Denied
EZYV01838,Asia,High School,N,N,17026,1984,South,119146.4997,Year,Y,Certified
EZYV01839,North America,Bachelor's,N,N,30159,1989,South,125809.2539,Year,Y,Certified
EZYV01840,North America,Bachelor's,Y,N,38040,1972,Midwest,81091.0105,Year,Y,Certified
EZYV01841,Asia,Master's,N,N,57911,1971,South,67335.832,Year,Y,Certified
EZYV01842,Europe,Bachelor's,Y,N,33401,2015,South,249132.6492,Year,Y,Denied
EZYV01843,Asia,Bachelor's,Y,N,7321,2003,South,244318.428,Year,Y,Certified
EZYV01844,Africa,Bachelor's,N,N,55451,1993,West,132505.6865,Year,Y,Certified
EZYV01845,Asia,Bachelor's,Y,N,30754,2001,Midwest,238780.3785,Year,Y,Denied
EZYV01846,Europe,Bachelor's,Y,N,10770,1984,Northeast,89167.6308,Year,Y,Denied
EZYV01847,Asia,Bachelor's,Y,N,11428,1974,Northeast,212528.5822,Year,Y,Certified
EZYV01848,Europe,Master's,Y,Y,12286,2016,Northeast,158790.0658,Year,Y,Certified
EZYV01849,Asia,Bachelor's,Y,N,43279,2019,Northeast,179323.1153,Year,N,Certified
EZYV01850,North America,Master's,N,N,56938,1972,South,179607.0925,Year,N,Certified
EZYV01851,Asia,Bachelor's,Y,N,26490,2008,West,159029.9968,Year,Y,Certified
EZYV01852,Africa,Master's,N,N,5891,1986,South,213111.5372,Year,Y,Certified
EZYV01853,Asia,Master's,N,N,53311,2002,Northeast,98124.91,Year,Y,Certified
EZYV01854,North America,Bachelor's,Y,N,38086,1966,West,212327.4,Year,Y,Certified
EZYV01855,South America,High School,Y,N,34251,1988,West,46017.1079,Year,Y,Certified
EZYV01856,Oceania,Doctorate,N,N,3647,1967,South,50149.8632,Year,Y,Certified
EZYV01857,Asia,Bachelor's,Y,N,58236,2008,Northeast,179392.3365,Year,Y,Certified
EZYV01858,Asia,Master's,Y,N,4633,1983,West,187582.4466,Year,Y,Certified
EZYV01859,Asia,High School,N,N,36630,1975,Northeast,225594.8085,Year,Y,Certified
EZYV01860,Asia,Bachelor's,N,N,35834,2001,Midwest,68815.7896,Year,Y,Certified
EZYV01861,Europe,Master's,N,N,30838,2017,West,14206.1492,Hour,Y,Certified
EZYV01862,Oceania,Doctorate,Y,N,33088,1980,Midwest,126966.437,Hour,Y,Certified
EZYV01863,Oceania,Bachelor's,Y,N,23881,2003,Northeast,218860.0483,Year,Y,Certified
EZYV01864,Asia,Master's,Y,N,34387,2001,Northeast,242872.1702,Year,Y,Certified
EZYV01865,Europe,Master's,N,N,21839,1989,Midwest,214485.0085,Year,Y,Certified
EZYV01866,South America,Bachelor's,Y,N,28427,2008,South,122591.1211,Year,N,Denied
EZYV01867,Africa,Bachelor's,Y,Y,40691,1967,South,215872.8826,Year,Y,Certified
EZYV01868,Asia,Bachelor's,Y,Y,44545,2012,West,53649.9368,Year,Y,Denied
EZYV01869,Asia,Bachelor's,N,N,9213,1984,Northeast,230308.1789,Year,Y,Certified
EZYV01870,South America,Master's,N,N,59531,1962,West,141798.1211,Year,Y,Certified
EZYV01871,Asia,Bachelor's,Y,N,5815,2019,Midwest,97463.0237,Hour,N,Denied
EZYV01872,Asia,Bachelor's,Y,N,16557,2006,West,145493.9673,Year,Y,Certified
EZYV01873,Oceania,Master's,Y,N,20819,2008,South,196045.2508,Hour,Y,Certified
EZYV01874,Oceania,Master's,Y,N,19416,1968,Midwest,60182.3539,Year,N,Certified
EZYV01875,Africa,Master's,Y,N,21122,2005,West,25649.5747,Year,Y,Certified
EZYV01876,North America,Master's,Y,N,19393,2001,Northeast,183333.4019,Year,Y,Certified
EZYV01877,Asia,Bachelor's,N,N,26169,2014,West,238126.7478,Year,N,Certified
EZYV01878,Asia,Master's,N,N,45799,1982,Northeast,159317.1274,Year,Y,Certified
EZYV01879,Asia,Bachelor's,N,N,49650,2015,South,35817.3468,Month,Y,Denied
EZYV01880,Europe,Bachelor's,N,N,20890,2002,West,160917.6653,Year,Y,Denied
EZYV01881,Asia,Bachelor's,Y,Y,15516,1975,Northeast,29334.6976,Year,Y,Certified
EZYV01882,Europe,Master's,Y,N,40609,1972,Northeast,76020.4833,Hour,Y,Denied
EZYV01883,Asia,Master's,Y,N,3588,2014,West,8093.1058,Year,Y,Certified
EZYV01884,North America,Bachelor's,N,N,26761,1998,South,121977.9057,Year,Y,Denied
EZYV01885,Asia,Master's,Y,N,13212,1967,South,80474.2755,Year,Y,Certified
EZYV01886,Asia,Master's,Y,N,36474,1967,Northeast,24560.9681,Year,Y,Certified
EZYV01887,Asia,Bachelor's,Y,N,4711,2009,West,77395.0201,Year,Y,Denied
EZYV01888,Asia,Master's,Y,N,49743,1970,Midwest,161963.0158,Year,Y,Certified
EZYV01889,South America,Bachelor's,N,N,16210,1973,Northeast,72412.5726,Year,Y,Certified
EZYV01890,Asia,Doctorate,N,Y,30850,1996,West,35939.4149,Year,Y,Certified
EZYV01891,Asia,Bachelor's,Y,N,34340,2011,Northeast,136290.4068,Year,N,Certified
EZYV01892,North America,Bachelor's,N,N,28518,1980,South,188356.1722,Year,Y,Certified
EZYV01893,Europe,Bachelor's,Y,N,26887,1999,South,207569.3108,Year,N,Certified
EZYV01894,Asia,Bachelor's,Y,N,16029,2002,Northeast,118129.8589,Year,Y,Certified
EZYV01895,Asia,Master's,Y,N,46355,1996,Northeast,177825.8907,Year,Y,Certified
EZYV01896,Asia,Bachelor's,N,N,30961,2001,West,208365.2716,Year,N,Certified
EZYV01897,Europe,Bachelor's,N,N,12958,1973,West,168287.7298,Year,Y,Certified
EZYV01898,Asia,Master's,Y,N,15755,1997,Island,131912.397,Year,N,Certified
EZYV01899,Asia,Doctorate,N,Y,26325,1960,Midwest,15172.8539,Year,Y,Certified
EZYV01900,Asia,Master's,Y,Y,50616,2003,South,72650.5868,Year,Y,Certified
EZYV01901,Europe,Bachelor's,Y,N,57682,2007,Northeast,80089.8263,Year,Y,Certified
EZYV01902,Asia,Bachelor's,N,N,23341,2007,Northeast,98873.8105,Year,Y,Certified
EZYV01903,South America,Bachelor's,N,N,23717,1961,South,237732.9973,Year,Y,Certified
EZYV01904,Asia,Master's,N,N,7759,2014,Midwest,52377.0605,Year,Y,Certified
EZYV01905,Europe,Master's,N,N,32747,1986,Northeast,135480.4168,Year,Y,Certified
EZYV01906,Asia,Master's,Y,Y,14409,1964,Northeast,247806.2831,Year,Y,Certified
EZYV01907,Asia,Master's,N,N,49175,1992,South,154774.8813,Year,Y,Denied
EZYV01908,Asia,Bachelor's,N,Y,32081,1994,Midwest,52385.8988,Year,Y,Denied
EZYV01909,North America,Master's,Y,N,13323,1984,South,240055.6948,Year,Y,Certified
EZYV01910,South America,Bachelor's,Y,N,54978,2004,West,84205.9087,Year,N,Certified
EZYV01911,Asia,Bachelor's,N,N,48928,1992,South,12158.1033,Year,Y,Certified
EZYV01912,Asia,Bachelor's,Y,N,18044,1973,South,107954.1695,Year,Y,Certified
EZYV01913,Africa,Bachelor's,Y,N,7220,1997,South,60315.7929,Year,Y,Certified
EZYV01914,Asia,Doctorate,N,N,15874,1975,West,204752.1705,Hour,Y,Certified
EZYV01915,Asia,Bachelor's,N,N,22610,1967,West,55144.9674,Year,Y,Denied
EZYV01916,Asia,Master's,N,N,24402,1976,South,204999.5348,Year,Y,Certified
EZYV01917,Europe,Master's,N,N,49341,2014,Northeast,9235.5199,Hour,Y,Certified
EZYV01918,North America,Master's,Y,N,58065,1994,Northeast,232303.498,Year,Y,Certified
EZYV01919,Europe,Doctorate,N,N,44840,1979,Northeast,10739.943,Year,Y,Denied
EZYV01920,Africa,Bachelor's,Y,Y,50715,1981,Northeast,234647.253,Year,Y,Denied
EZYV01921,Asia,Bachelor's,N,N,7520,2011,Northeast,18608.0807,Hour,Y,Denied
EZYV01922,Asia,Bachelor's,Y,N,8992,1999,West,218171.3839,Year,Y,Certified
EZYV01923,Asia,Bachelor's,N,N,54489,2006,Midwest,207866.743,Year,Y,Certified
EZYV01924,Asia,Master's,Y,N,36830,1996,West,148687.0746,Year,N,Certified
EZYV01925,Asia,Bachelor's,N,N,14154,2019,West,9189.3238,Year,Y,Certified
EZYV01926,Asia,Bachelor's,Y,N,47514,1999,Island,155361.4731,Year,Y,Denied
EZYV01927,Asia,Bachelor's,Y,N,10510,1984,Midwest,154538.0359,Year,Y,Denied
EZYV01928,North America,Bachelor's,Y,N,46084,1975,Northeast,139387.9292,Year,Y,Certified
EZYV01929,Asia,Master's,Y,N,52988,1962,Northeast,157955.0877,Year,Y,Certified
EZYV01930,Asia,Bachelor's,N,N,29338,2006,Northeast,242033.2293,Year,Y,Denied
EZYV01931,Europe,Master's,Y,N,39387,2015,Midwest,248877.7105,Year,Y,Certified
EZYV01932,Europe,Master's,Y,N,43913,1999,Northeast,130219.8525,Year,Y,Certified
EZYV01933,North America,Master's,Y,N,52822,1989,South,23131.7959,Year,Y,Certified
EZYV01934,North America,Bachelor's,Y,N,35021,1967,South,33665.4671,Year,Y,Certified
EZYV01935,North America,Master's,N,N,17620,1998,West,180143.6497,Year,N,Certified
EZYV01936,Asia,Bachelor's,Y,N,12098,1972,West,245494.5041,Year,Y,Certified
EZYV01937,Asia,Bachelor's,Y,N,21342,1997,West,109126.5949,Year,Y,Denied
EZYV01938,Europe,Master's,Y,N,3377,1978,West,24690.0787,Year,Y,Certified
EZYV01939,Asia,Master's,Y,N,41924,2011,Midwest,88390.5292,Year,Y,Certified
EZYV01940,Asia,Bachelor's,N,N,22179,2016,Northeast,96375.5672,Year,Y,Denied
EZYV01941,Asia,Master's,Y,N,42698,1974,Midwest,249149.5144,Year,Y,Certified
EZYV01942,Asia,High School,Y,N,3730,1979,West,171708.5217,Year,Y,Certified
EZYV01943,Asia,Master's,N,N,19322,2015,Northeast,29642.9483,Year,Y,Certified
EZYV01944,Asia,Doctorate,Y,N,23709,1961,Midwest,84401.7639,Year,Y,Certified
EZYV01945,South America,Master's,N,N,5266,1990,Midwest,12329.9664,Year,Y,Certified
EZYV01946,Africa,Master's,Y,N,49735,1968,Midwest,163334.5149,Year,Y,Certified
EZYV01947,Asia,Master's,N,N,35859,1985,Midwest,168250.2694,Year,Y,Denied
EZYV01948,Africa,Master's,Y,N,50659,1961,South,14562.6869,Year,Y,Certified
EZYV01949,Asia,Master's,Y,N,48114,1968,Northeast,84012.8813,Year,Y,Certified
EZYV01950,Africa,Master's,N,N,2058,1984,Northeast,225729.0241,Year,Y,Denied
EZYV01951,Africa,Bachelor's,N,N,51922,1963,Midwest,206738.6443,Year,Y,Certified
EZYV01952,Asia,Master's,N,N,4186,2007,Midwest,143638.2999,Year,Y,Certified
EZYV01953,North America,Bachelor's,N,N,52271,1994,Island,121258.9154,Year,Y,Certified
EZYV01954,Oceania,Doctorate,Y,N,40196,1987,Midwest,248214.4076,Year,Y,Certified
EZYV01955,Africa,Bachelor's,N,N,49168,1988,West,180604.4508,Year,Y,Certified
EZYV01956,Oceania,Bachelor's,N,N,30007,2010,Northeast,238168.2758,Year,N,Denied
EZYV01957,Europe,Master's,Y,N,9621,2010,Northeast,18081.9865,Year,Y,Certified
EZYV01958,Asia,Bachelor's,Y,N,8974,1962,South,53195.3589,Year,Y,Certified
EZYV01959,South America,Bachelor's,Y,N,7136,2001,West,7971.5367,Year,Y,Certified
EZYV01960,Europe,Master's,N,N,48334,1988,Northeast,217005.8201,Hour,Y,Denied
EZYV01961,Europe,Bachelor's,Y,N,32021,2006,Midwest,173619.014,Year,Y,Denied
EZYV01962,Asia,Bachelor's,Y,N,13001,2007,West,44577.3829,Year,Y,Certified
EZYV01963,Europe,Bachelor's,N,N,7504,2002,South,243552.8137,Year,N,Certified
EZYV01964,Asia,Bachelor's,N,N,4702,2000,Midwest,238958.1462,Year,Y,Certified
EZYV01965,North America,Bachelor's,Y,N,15496,1972,West,56304.5317,Year,Y,Certified
EZYV01966,Asia,High School,N,N,44974,2011,West,161823.0363,Year,Y,Denied
EZYV01967,North America,Bachelor's,Y,N,53546,2002,South,167092.1086,Year,Y,Certified
EZYV01968,South America,Bachelor's,N,N,36493,1976,South,1203.3854,Year,Y,Denied
EZYV01969,Asia,High School,Y,N,59742,1973,Northeast,172257.1921,Year,Y,Denied
EZYV01970,Asia,Master's,Y,N,23675,1990,South,55490.7807,Year,N,Denied
EZYV01971,Asia,Master's,N,N,19960,1980,West,225349.4239,Year,Y,Certified
EZYV01972,Africa,High School,Y,N,41568,2000,Midwest,209659.0817,Year,Y,Certified
EZYV01973,North America,Bachelor's,Y,N,8093,1984,Midwest,226342.3375,Year,Y,Certified
EZYV01974,Asia,Master's,Y,N,54684,1970,Northeast,189436.9798,Year,Y,Certified
EZYV01975,Asia,Master's,N,N,46811,1983,Island,41393.3785,Hour,Y,Denied
EZYV01976,Asia,Bachelor's,N,N,2065,2008,Northeast,90266.4674,Year,Y,Denied
EZYV01977,Asia,Bachelor's,N,N,11246,2009,Northeast,177291.0821,Year,N,Certified
EZYV01978,Africa,Bachelor's,N,N,37666,1978,West,80966.5958,Year,Y,Certified
EZYV01979,North America,Master's,N,N,44316,2007,Midwest,177566.2268,Year,N,Certified
EZYV01980,Asia,Doctorate,Y,N,13101,1965,Midwest,84172.4495,Year,N,Certified
EZYV01981,South America,Doctorate,Y,N,44820,2019,Midwest,44596.8177,Hour,Y,Certified
EZYV01982,Asia,Bachelor's,N,N,28456,2005,Northeast,129637.3218,Year,Y,Certified
EZYV01983,South America,Bachelor's,N,N,40518,1962,Northeast,171619.6943,Year,Y,Certified
EZYV01984,Asia,Bachelor's,N,N,25447,2002,Northeast,129395.4827,Year,Y,Denied
EZYV01985,Europe,Bachelor's,N,N,27263,1989,West,160538.4511,Hour,Y,Denied
EZYV01986,Africa,Bachelor's,Y,N,23407,2013,South,109625.1443,Year,N,Denied
EZYV01987,Asia,Master's,N,Y,9429,1974,Northeast,194627.166,Year,Y,Certified
EZYV01988,Europe,Bachelor's,N,N,11433,2013,South,162561.6124,Year,N,Certified
EZYV01989,Oceania,Doctorate,N,N,10073,2012,West,143736.7372,Year,Y,Certified
EZYV01990,Asia,Bachelor's,N,N,48161,1976,West,108955.8545,Year,Y,Denied
EZYV01991,Asia,High School,Y,N,25404,1985,South,134024.7435,Year,Y,Certified
EZYV01992,Europe,Master's,N,N,22780,1998,South,12942.2285,Year,Y,Certified
EZYV01993,Asia,Master's,Y,N,51341,1974,West,166746.5752,Year,Y,Certified
EZYV01994,Asia,Bachelor's,N,N,53233,2019,West,51262.05,Year,Y,Denied
EZYV01995,Asia,Master's,Y,N,14050,1971,Northeast,215065.2103,Year,Y,Certified
EZYV01996,North America,Bachelor's,Y,N,21289,1974,Northeast,203123.4733,Year,Y,Certified
EZYV01997,Asia,Bachelor's,Y,N,24713,1990,Midwest,132083.0756,Year,Y,Denied
EZYV01998,Asia,Bachelor's,Y,N,50385,1988,West,211813.3409,Year,Y,Certified
EZYV01999,South America,Bachelor's,Y,N,40302,1963,Northeast,167766.6503,Year,Y,Certified
EZYV02000,Asia,Master's,N,N,32674,2014,West,35486.7592,Year,Y,Certified
EZYV02001,South America,Bachelor's,Y,N,14119,1974,West,185245.0341,Year,Y,Denied
EZYV02002,Asia,Master's,N,Y,23146,1966,Northeast,248952.4551,Year,N,Certified
EZYV02003,Africa,Master's,Y,N,1745,1991,Northeast,10436.1317,Year,Y,Certified
EZYV02004,Europe,Bachelor's,Y,N,42246,2015,Midwest,61380.8748,Year,Y,Certified
EZYV02005,Asia,High School,N,N,55132,1960,South,149515.6389,Year,Y,Denied
EZYV02006,South America,Bachelor's,N,Y,47202,1989,Northeast,103915.5744,Hour,Y,Certified
EZYV02007,Asia,Master's,Y,N,18568,2014,West,159461.5404,Year,N,Certified
EZYV02008,Asia,Master's,N,N,28969,2013,South,146683.8024,Year,Y,Certified
EZYV02009,Asia,Master's,N,N,57456,1970,West,197039.7691,Year,Y,Denied
EZYV02010,Europe,Bachelor's,N,N,25533,1997,South,17911.5495,Hour,Y,Denied
EZYV02011,Asia,Bachelor's,N,N,50349,2010,Northeast,110265.8943,Year,Y,Certified
EZYV02012,Asia,Master's,N,N,34651,2000,Northeast,215041.4367,Year,Y,Certified
EZYV02013,Asia,Bachelor's,N,N,29943,1999,Midwest,90817.924,Year,Y,Denied
EZYV02014,Asia,Master's,Y,N,35116,2006,West,126046.4436,Year,N,Certified
EZYV02015,Asia,Bachelor's,Y,N,13428,1987,Midwest,5590.3408,Year,Y,Certified
EZYV02016,Asia,Bachelor's,Y,N,25537,1964,Northeast,56198.639,Year,Y,Certified
EZYV02017,Asia,Master's,N,N,18271,1998,West,116021.0494,Year,Y,Certified
EZYV02018,Asia,Bachelor's,N,N,45463,1997,South,99862.2379,Year,Y,Denied
EZYV02019,Europe,Master's,Y,N,36748,2011,West,178720.7883,Year,Y,Certified
EZYV02020,Asia,Bachelor's,N,N,23992,2015,South,153047.6194,Year,Y,Denied
EZYV02021,Europe,Doctorate,Y,N,49352,1980,West,220094.574,Year,Y,Certified
EZYV02022,Asia,Master's,Y,N,27188,2017,Northeast,213721.7213,Year,Y,Certified
EZYV02023,Asia,Master's,N,N,57198,1960,Northeast,60456.7162,Year,Y,Certified
EZYV02024,Asia,Master's,Y,N,36325,2018,West,4606.1545,Year,Y,Certified
EZYV02025,Asia,Master's,Y,N,53144,1968,Northeast,213646.7983,Year,Y,Certified
EZYV02026,Asia,Master's,Y,N,59211,1998,Northeast,82414.3919,Year,Y,Certified
EZYV02027,North America,Bachelor's,Y,Y,19629,2000,Midwest,86908.0054,Year,Y,Certified
EZYV02028,Asia,Bachelor's,N,N,15652,1997,Northeast,39767.0206,Year,Y,Certified
EZYV02029,Asia,Master's,N,N,50140,2019,West,173313.2151,Year,Y,Certified
EZYV02030,Europe,High School,N,N,13928,1993,Midwest,70171.2078,Year,Y,Denied
EZYV02031,Asia,High School,N,N,45129,1967,West,44350.4266,Hour,Y,Denied
EZYV02032,Asia,Master's,Y,N,10625,1996,Northeast,125947.0071,Year,Y,Certified
EZYV02033,Asia,High School,Y,N,52192,1977,West,187653.8933,Year,Y,Denied
EZYV02034,Asia,Master's,Y,N,41371,1996,South,67545.7297,Year,Y,Certified
EZYV02035,Asia,Master's,Y,N,31269,1982,South,180565.3424,Year,Y,Certified
EZYV02036,North America,Bachelor's,N,N,26953,1962,West,115601.3824,Year,Y,Denied
EZYV02037,Africa,Doctorate,Y,N,38241,1998,Midwest,101062.4263,Hour,Y,Certified
EZYV02038,Asia,Bachelor's,Y,N,23325,1965,Northeast,90008.3129,Year,Y,Certified
EZYV02039,Europe,Doctorate,Y,N,23876,1979,Northeast,36566.1251,Year,Y,Certified
EZYV02040,North America,Master's,N,N,12257,1997,West,83291.915,Year,N,Certified
EZYV02041,Asia,Bachelor's,Y,N,9483,2012,South,219837.0324,Year,Y,Certified
EZYV02042,North America,Bachelor's,Y,N,53469,1978,West,25721.2977,Year,Y,Certified
EZYV02043,Europe,Bachelor's,N,N,44955,1977,Northeast,239583.3438,Year,Y,Certified
EZYV02044,Africa,Bachelor's,Y,N,26598,1978,Northeast,27052.6326,Year,N,Certified
EZYV02045,Oceania,Bachelor's,N,N,49905,1994,West,90635.5042,Year,Y,Certified
EZYV02046,Asia,Doctorate,Y,N,36467,1971,Island,151655.2822,Hour,Y,Certified
EZYV02047,Asia,Bachelor's,N,N,35950,1991,Northeast,209492.7826,Year,Y,Denied
EZYV02048,Asia,Master's,N,N,6765,2008,Midwest,36066.988,Year,Y,Certified
EZYV02049,Asia,Bachelor's,Y,N,32303,1964,South,35447.3356,Year,Y,Certified
EZYV02050,Asia,Doctorate,N,N,6491,2017,Northeast,157168.8555,Year,Y,Certified
EZYV02051,Oceania,Bachelor's,Y,N,41040,1991,South,73328.1088,Year,Y,Certified
EZYV02052,Asia,Bachelor's,N,N,4055,1997,Northeast,161196.6238,Week,Y,Denied
EZYV02053,Asia,Master's,N,N,30861,1997,West,205181.6841,Year,Y,Certified
EZYV02054,South America,Bachelor's,N,N,22050,2016,South,19402.2536,Year,Y,Certified
EZYV02055,Asia,Master's,N,N,7862,1999,South,211154.6319,Year,Y,Denied
EZYV02056,Asia,Bachelor's,N,N,28381,2013,Northeast,9588.822,Year,Y,Certified
EZYV02057,Oceania,Master's,Y,N,12052,1977,Midwest,224726.7811,Year,Y,Certified
EZYV02058,Asia,Master's,Y,N,14686,1973,Midwest,243909.4118,Year,Y,Certified
EZYV02059,Asia,Master's,N,N,53395,1998,South,166930.3096,Year,N,Denied
EZYV02060,Asia,High School,N,Y,20990,1969,South,246066.9752,Year,Y,Denied
EZYV02061,Africa,Bachelor's,N,N,24245,1966,Island,205533.5622,Year,Y,Denied
EZYV02062,Asia,Bachelor's,Y,N,390,1972,Northeast,11282.5019,Year,Y,Certified
EZYV02063,Asia,Bachelor's,Y,N,18041,1976,West,1151.9739,Year,Y,Certified
EZYV02064,Asia,Bachelor's,N,N,21075,1965,West,5395.4627,Year,Y,Certified
EZYV02065,Asia,Doctorate,N,N,43153,2003,Midwest,113086.3586,Year,Y,Certified
EZYV02066,Africa,Master's,Y,N,7163,1994,South,155920.9763,Year,Y,Certified
EZYV02067,Asia,Master's,Y,N,55793,1972,South,120471.6613,Year,Y,Certified
EZYV02068,Oceania,Bachelor's,Y,N,7716,1976,South,169347.1554,Year,Y,Certified
EZYV02069,Asia,Bachelor's,Y,N,39173,2015,Northeast,112510.738,Year,Y,Certified
EZYV02070,Asia,Master's,N,N,285,2014,Northeast,10832.438,Year,Y,Certified
EZYV02071,South America,Bachelor's,Y,N,49178,1967,Island,56696.4429,Year,Y,Certified
EZYV02072,Asia,Bachelor's,Y,Y,41787,1996,Northeast,248157.5343,Hour,Y,Certified
EZYV02073,Asia,Bachelor's,Y,N,50255,1979,Northeast,86596.7867,Year,Y,Certified
EZYV02074,South America,Master's,Y,N,55878,1981,Northeast,81326.4813,Year,Y,Certified
EZYV02075,Asia,Doctorate,N,N,50042,1995,South,38367.4538,Year,Y,Certified
EZYV02076,Asia,Bachelor's,Y,N,37298,2019,South,246788.5018,Week,Y,Denied
EZYV02077,Oceania,Bachelor's,Y,Y,50310,1994,Northeast,57768.7385,Year,Y,Certified
EZYV02078,Asia,Bachelor's,Y,N,5785,2017,West,161777.2765,Hour,Y,Certified
EZYV02079,Asia,Bachelor's,N,N,38718,2009,Midwest,10703.455,Year,Y,Denied
EZYV02080,Asia,Master's,N,N,59379,2006,Northeast,16804.788,Year,Y,Denied
EZYV02081,Asia,Bachelor's,Y,N,22641,2007,West,179244.574,Year,Y,Certified
EZYV02082,Asia,Master's,N,N,58535,2007,South,158865.0071,Year,Y,Denied
EZYV02083,Europe,Bachelor's,Y,N,30407,1975,South,170104.5664,Year,Y,Certified
EZYV02084,Asia,High School,Y,N,28102,2018,Midwest,57896.4077,Year,Y,Denied
EZYV02085,Europe,Doctorate,Y,N,18017,2015,Midwest,246225.2678,Year,N,Certified
EZYV02086,Asia,Bachelor's,N,N,6485,1996,South,139682.1155,Year,Y,Denied
EZYV02087,Asia,Master's,N,N,52583,2002,South,242393.1334,Hour,Y,Certified
EZYV02088,Asia,Bachelor's,Y,N,43248,2012,South,41209.8041,Year,Y,Certified
EZYV02089,North America,Doctorate,Y,N,24021,1969,South,101393.8576,Year,Y,Certified
EZYV02090,Asia,Bachelor's,Y,N,57688,1963,West,84054.2426,Year,Y,Certified
EZYV02091,Asia,Bachelor's,Y,N,11042,2019,Northeast,188817.7167,Year,Y,Certified
EZYV02092,South America,Master's,Y,N,46725,1993,Midwest,186943.3447,Year,Y,Certified
EZYV02093,Europe,Bachelor's,Y,N,27140,2003,West,121738.6396,Year,Y,Denied
EZYV02094,Asia,Bachelor's,N,N,37457,1990,Northeast,4233.7715,Year,Y,Denied
EZYV02095,Africa,Doctorate,Y,Y,2248,1991,Midwest,43966.3862,Year,Y,Certified
EZYV02096,Asia,Master's,N,N,36655,1962,West,12756.3636,Year,Y,Certified
EZYV02097,Asia,Master's,Y,Y,40754,1977,South,211784.2394,Year,Y,Certified
EZYV02098,Asia,Master's,Y,N,58675,1965,South,72584.9375,Year,Y,Certified
EZYV02099,Asia,Master's,Y,N,20776,1985,Midwest,29657.0747,Year,Y,Certified
EZYV02100,Asia,Master's,N,N,4401,1961,Midwest,88672.2568,Year,Y,Certified
EZYV02101,North America,Master's,Y,N,3714,2008,South,19506.8712,Year,Y,Certified
EZYV02102,Asia,Bachelor's,Y,Y,8986,1977,West,244718.5123,Year,Y,Certified
EZYV02103,North America,High School,N,N,17977,2004,Midwest,78888.9738,Year,Y,Denied
EZYV02104,Africa,Master's,N,N,49851,1963,Island,233280.0614,Year,Y,Certified
EZYV02105,Europe,Master's,N,N,11723,1961,Northeast,170745.627,Year,Y,Certified
EZYV02106,North America,Bachelor's,Y,N,8719,1985,South,141613.5255,Year,Y,Certified
EZYV02107,North America,Bachelor's,Y,N,1926,2007,Midwest,118979.1499,Year,Y,Denied
EZYV02108,Oceania,Bachelor's,N,N,23007,2008,Northeast,171907.5507,Year,Y,Denied
EZYV02109,Asia,Master's,N,N,36214,1992,South,171631.5783,Year,Y,Certified
EZYV02110,Asia,Master's,N,N,16900,1996,West,2828.161,Year,Y,Certified
EZYV02111,Asia,Bachelor's,Y,N,29736,2001,South,226964.3796,Year,Y,Certified
EZYV02112,Asia,Master's,Y,N,14618,2000,West,92117.2624,Year,Y,Certified
EZYV02113,Asia,Master's,N,Y,48003,2004,Northeast,88447.6258,Year,N,Certified
EZYV02114,Europe,Doctorate,N,N,1557,1961,West,101766.3179,Year,Y,Certified
EZYV02115,Asia,Bachelor's,Y,N,12053,1985,South,171383.6448,Year,Y,Certified
EZYV02116,Africa,Doctorate,N,N,33981,2010,Midwest,94129.2305,Hour,Y,Certified
EZYV02117,Asia,Master's,N,N,50547,1986,South,93582.9993,Year,Y,Certified
EZYV02118,Asia,Master's,Y,N,24083,1968,Northeast,16053.5269,Year,Y,Certified
EZYV02119,Asia,High School,Y,N,4192,1999,Midwest,104277.0878,Year,Y,Denied
EZYV02120,Asia,Master's,N,N,33102,1978,West,37539.7236,Year,Y,Certified
EZYV02121,Asia,Master's,Y,N,16234,1990,South,213926.1957,Hour,Y,Certified
EZYV02122,Asia,Bachelor's,Y,N,18280,1991,Northeast,83760.8686,Year,Y,Certified
EZYV02123,Asia,Bachelor's,N,N,55336,2001,West,240224.676,Year,N,Denied
EZYV02124,Asia,Master's,Y,Y,56488,2015,Island,171195.095,Year,Y,Certified
EZYV02125,Asia,Master's,N,N,15538,2001,South,189086.6534,Year,Y,Certified
EZYV02126,Asia,High School,Y,N,35486,2019,Midwest,236948.2451,Year,Y,Certified
EZYV02127,Asia,Bachelor's,Y,N,32457,1961,South,59885.9045,Year,Y,Certified
EZYV02128,Asia,Bachelor's,N,N,57673,2006,West,141909.2842,Year,Y,Denied
EZYV02129,Asia,Doctorate,N,Y,56773,1985,South,10373.306,Year,Y,Certified
EZYV02130,Asia,Doctorate,Y,N,21010,2003,Northeast,25369.5203,Year,Y,Certified
EZYV02131,Asia,Bachelor's,N,N,1540,1965,Midwest,91773.4126,Year,Y,Denied
EZYV02132,North America,Bachelor's,N,N,152,1991,Northeast,170688.9623,Year,N,Denied
EZYV02133,Oceania,Bachelor's,N,N,293,1961,Midwest,207957.0619,Year,Y,Certified
EZYV02134,Africa,Bachelor's,N,N,46879,1999,Northeast,64249.7698,Year,Y,Denied
EZYV02135,Asia,Master's,Y,N,44397,1972,Northeast,187319.488,Year,Y,Certified
EZYV02136,Asia,Master's,Y,N,49645,1968,Midwest,56227.9311,Year,Y,Denied
EZYV02137,Asia,High School,Y,N,8385,1964,West,1712.6904,Year,Y,Denied
EZYV02138,North America,High School,Y,N,3536,1976,Northeast,13792.3736,Year,Y,Certified
EZYV02139,North America,Bachelor's,N,N,10237,2017,West,146472.544,Year,Y,Denied
EZYV02140,South America,Master's,Y,N,37527,2019,Northeast,124387.457,Year,Y,Certified
EZYV02141,South America,Master's,Y,N,554,1964,Midwest,67752.2219,Year,Y,Certified
EZYV02142,Asia,Master's,Y,N,39666,2018,Northeast,1835.6551,Year,Y,Certified
EZYV02143,North America,Bachelor's,Y,N,53335,1995,South,142088.9852,Year,Y,Certified
EZYV02144,North America,Doctorate,Y,Y,8756,1979,Northeast,204438.1379,Year,Y,Certified
EZYV02145,Asia,Bachelor's,N,N,44335,2016,West,17322.5105,Year,Y,Certified
EZYV02146,Africa,Master's,N,N,33158,1974,Midwest,184171.3195,Year,Y,Certified
EZYV02147,Asia,Doctorate,Y,N,56650,1970,Midwest,158708.742,Year,Y,Certified
EZYV02148,Oceania,Bachelor's,Y,Y,14603,1973,South,119942.8221,Year,Y,Denied
EZYV02149,North America,Doctorate,N,Y,13625,1968,Northeast,12275.6705,Year,Y,Certified
EZYV02150,Asia,Bachelor's,Y,N,1001,1989,Northeast,230908.1398,Year,N,Certified
EZYV02151,Europe,Master's,Y,N,42312,1968,Midwest,119464.759,Year,Y,Certified
EZYV02152,Asia,High School,Y,N,52016,1973,Northeast,100021.8188,Hour,Y,Certified
EZYV02153,North America,Bachelor's,Y,N,1141,1982,West,215396.5554,Year,Y,Certified
EZYV02154,North America,Bachelor's,N,N,29509,1998,South,211425.4416,Year,Y,Denied
EZYV02155,Europe,High School,N,N,43450,2011,Island,181869.7861,Year,Y,Denied
EZYV02156,South America,High School,N,Y,46905,1964,South,207374.1237,Year,Y,Denied
EZYV02157,Asia,Bachelor's,N,N,55818,1997,South,31257.2545,Year,Y,Certified
EZYV02158,Asia,Master's,Y,N,43377,1966,Midwest,190276.7057,Year,N,Certified
EZYV02159,Asia,Bachelor's,Y,N,55233,2019,Midwest,82142.9139,Year,Y,Certified
EZYV02160,Asia,Bachelor's,Y,N,59622,1976,West,216900.1994,Year,Y,Certified
EZYV02161,Asia,Doctorate,Y,N,55651,2011,West,92683.8202,Year,Y,Certified
EZYV02162,Asia,Doctorate,Y,N,26285,2006,West,13765.1272,Year,Y,Certified
EZYV02163,Asia,Bachelor's,Y,N,24430,1979,South,103712.1831,Year,Y,Certified
EZYV02164,Asia,Bachelor's,Y,N,25661,1979,Northeast,189242.9034,Year,N,Certified
EZYV02165,South America,Master's,Y,N,57043,1979,West,125332.8288,Year,Y,Certified
EZYV02166,Asia,Master's,N,N,16916,1988,West,190955.7512,Year,N,Certified
EZYV02167,South America,Bachelor's,N,Y,45144,1986,Northeast,9011.3805,Year,N,Certified
EZYV02168,Asia,Master's,N,N,37514,1999,Northeast,44455.6181,Year,Y,Certified
EZYV02169,Asia,Bachelor's,Y,N,3717,1987,West,140989.2612,Year,Y,Certified
EZYV02170,Asia,Bachelor's,Y,N,29174,2007,Northeast,96451.3757,Year,Y,Certified
EZYV02171,Asia,Master's,N,Y,11695,1987,West,170107.9008,Year,Y,Certified
EZYV02172,Asia,Master's,N,N,43729,1978,West,240646.0474,Year,Y,Certified
EZYV02173,Asia,Master's,N,N,26848,1979,South,165033.5178,Year,N,Certified
EZYV02174,Asia,High School,Y,N,21400,2003,Northeast,104457.2511,Year,Y,Denied
EZYV02175,Asia,Bachelor's,Y,N,3951,1968,South,135682.5318,Year,Y,Certified
EZYV02176,Europe,High School,N,N,7863,1977,South,228224.0551,Hour,Y,Denied
EZYV02177,Asia,Bachelor's,N,N,45845,1978,West,168312.7138,Year,Y,Certified
EZYV02178,South America,High School,Y,N,51748,1998,West,200834.2385,Year,Y,Denied
EZYV02179,Asia,Master's,Y,N,17478,1967,Midwest,75519.2986,Hour,Y,Certified
EZYV02180,Africa,Master's,Y,N,49685,1987,Northeast,186131.425,Year,Y,Certified
EZYV02181,North America,Master's,Y,N,33126,2000,West,35029.9561,Year,Y,Certified
EZYV02182,Africa,Bachelor's,N,Y,21069,2015,South,187493.949,Year,Y,Certified
EZYV02183,South America,High School,Y,N,27096,1986,Midwest,220413.3365,Year,Y,Denied
EZYV02184,Asia,Master's,Y,N,41425,2018,Northeast,225078.0703,Year,Y,Certified
EZYV02185,Asia,High School,Y,Y,54547,1996,South,29324.1973,Year,Y,Denied
EZYV02186,Asia,Master's,N,N,29551,2006,South,207504.5367,Year,Y,Certified
EZYV02187,North America,High School,Y,N,20806,1974,South,27662.1434,Year,Y,Certified
EZYV02188,Europe,Master's,Y,N,45661,2014,Midwest,119703.5589,Year,Y,Certified
EZYV02189,Asia,Doctorate,N,N,31512,1975,Northeast,170693.8781,Year,Y,Certified
EZYV02190,Africa,Master's,N,N,23417,1968,Northeast,121165.4281,Hour,Y,Denied
EZYV02191,Asia,Master's,N,N,27594,1964,West,85109.4186,Year,Y,Certified
EZYV02192,Europe,Master's,N,Y,32145,1999,South,171018.5251,Year,N,Certified
EZYV02193,North America,Bachelor's,Y,N,8426,1997,Northeast,165287.518,Year,Y,Certified
EZYV02194,Asia,Master's,N,N,3483,1971,South,145806.5853,Year,Y,Certified
EZYV02195,Europe,Doctorate,N,N,39891,2012,Northeast,132201.4805,Year,Y,Denied
EZYV02196,North America,Doctorate,Y,N,10506,1976,Midwest,176493.8268,Year,Y,Certified
EZYV02197,Asia,Bachelor's,N,Y,31904,1996,West,100878.6568,Year,N,Denied
EZYV02198,Asia,Bachelor's,Y,N,46909,1991,Northeast,17378.3083,Year,Y,Denied
EZYV02199,Asia,Master's,Y,N,12910,1995,South,134456.1366,Year,Y,Certified
EZYV02200,Europe,Master's,Y,Y,22903,2004,Midwest,180919.197,Year,Y,Certified
EZYV02201,Asia,Bachelor's,Y,N,58698,2015,Midwest,74930.1449,Year,Y,Certified
EZYV02202,Africa,Bachelor's,N,N,2120,2003,Northeast,35359.6343,Year,Y,Denied
EZYV02203,South America,Bachelor's,Y,N,45347,2014,West,227977.9303,Year,Y,Certified
EZYV02204,Asia,Bachelor's,N,N,10070,2012,Northeast,215964.6663,Year,Y,Denied
EZYV02205,Asia,Bachelor's,Y,Y,54341,1981,Northeast,154684.868,Year,Y,Certified
EZYV02206,Europe,High School,Y,N,24704,1993,Midwest,196694.467,Year,Y,Denied
EZYV02207,North America,High School,Y,N,421,1971,Midwest,242207.5676,Year,Y,Certified
EZYV02208,Asia,Doctorate,Y,N,43079,2015,Northeast,142400.8934,Year,Y,Certified
EZYV02209,Asia,High School,N,N,8847,2018,Midwest,61196.5848,Hour,Y,Denied
EZYV02210,Asia,High School,N,N,21818,2013,West,159775.2352,Year,Y,Denied
EZYV02211,Oceania,Bachelor's,Y,N,30147,2004,West,228665.5003,Year,Y,Denied
EZYV02212,Asia,Bachelor's,N,N,44714,2010,West,172599.0207,Year,Y,Denied
EZYV02213,South America,Doctorate,N,N,25144,2007,South,6754.8497,Year,Y,Certified
EZYV02214,Asia,Doctorate,N,Y,51485,1973,Midwest,229299.7244,Year,Y,Certified
EZYV02215,Africa,Bachelor's,Y,N,28910,1975,Northeast,188468.0788,Year,Y,Certified
EZYV02216,Asia,Bachelor's,Y,Y,20478,1991,South,100577.3871,Year,Y,Certified
EZYV02217,Asia,Bachelor's,N,N,20235,1985,South,246875.474,Year,Y,Certified
EZYV02218,Africa,High School,Y,N,48025,2004,Midwest,180475.4973,Year,Y,Denied
EZYV02219,Africa,Bachelor's,Y,N,39896,2004,Northeast,206395.1822,Month,N,Denied
EZYV02220,Asia,Bachelor's,N,N,7625,2018,South,235803.0065,Year,N,Certified
EZYV02221,Asia,Bachelor's,Y,N,45026,2007,West,10086.7005,Year,Y,Denied
EZYV02222,Asia,Master's,N,N,24925,1960,South,193650.077,Hour,Y,Certified
EZYV02223,Asia,High School,Y,Y,20939,1980,Northeast,96709.3396,Year,Y,Denied
EZYV02224,Asia,Bachelor's,N,N,5867,1979,Northeast,217294.9382,Year,Y,Denied
EZYV02225,South America,Bachelor's,Y,Y,59893,1998,West,219748.1848,Year,Y,Denied
EZYV02226,Asia,Bachelor's,Y,N,3165,1980,South,207188.8939,Year,Y,Certified
EZYV02227,North America,Bachelor's,N,N,59798,2018,South,194844.3063,Year,N,Certified
EZYV02228,Asia,High School,Y,N,3885,1977,South,198611.8521,Year,Y,Denied
EZYV02229,Asia,Bachelor's,N,N,30327,1986,Midwest,74278.8147,Hour,Y,Certified
EZYV02230,Europe,Bachelor's,N,N,6298,2009,West,101750.7459,Year,Y,Certified
EZYV02231,Asia,Master's,Y,Y,29577,1982,Northeast,28940.7117,Year,Y,Certified
EZYV02232,Europe,Doctorate,Y,N,50146,1962,Midwest,207681.7622,Year,Y,Certified
EZYV02233,Asia,Bachelor's,N,Y,35409,1979,Midwest,161572.4177,Hour,Y,Denied
EZYV02234,Africa,Bachelor's,N,N,32627,1981,West,153256.6354,Year,N,Certified
EZYV02235,North America,Master's,N,N,7151,1996,South,61670.2942,Year,Y,Denied
EZYV02236,South America,Master's,Y,N,56844,2002,Northeast,153836.0138,Year,Y,Certified
EZYV02237,Asia,Bachelor's,N,N,22532,1992,West,113747.021,Year,Y,Denied
EZYV02238,Asia,Bachelor's,Y,N,32286,1984,South,248818.1479,Year,Y,Certified
EZYV02239,Asia,Bachelor's,N,N,53863,1990,South,215794.4545,Year,Y,Denied
EZYV02240,Asia,Master's,Y,N,37728,1968,Northeast,131590.5239,Year,Y,Certified
EZYV02241,Asia,Bachelor's,Y,N,44101,1970,Northeast,202152.2007,Hour,Y,Denied
EZYV02242,Asia,Bachelor's,N,Y,11081,1996,West,41293.3492,Year,N,Denied
EZYV02243,Asia,Bachelor's,N,N,27612,2011,Northeast,25529.8447,Year,Y,Denied
EZYV02244,Asia,Bachelor's,Y,N,32441,1991,West,157736.5698,Year,Y,Certified
EZYV02245,Asia,Bachelor's,N,N,10556,1963,Midwest,181751.0998,Year,Y,Certified
EZYV02246,Asia,Master's,Y,N,23127,2018,South,13453.4985,Hour,Y,Certified
EZYV02247,Asia,Master's,Y,N,49890,1979,Northeast,50400.6451,Year,Y,Certified
EZYV02248,Europe,Bachelor's,Y,N,55887,2004,Northeast,134409.5406,Year,Y,Certified
EZYV02249,Asia,Bachelor's,Y,N,49404,2013,South,15891.5866,Year,Y,Certified
EZYV02250,Asia,Master's,Y,N,56036,2019,Midwest,106128.3985,Year,Y,Certified
EZYV02251,Asia,Bachelor's,Y,N,59910,1966,West,120623.5289,Year,Y,Certified
EZYV02252,North America,High School,Y,N,11921,1971,Midwest,230468.0711,Hour,Y,Denied
EZYV02253,Asia,Bachelor's,N,N,51332,1998,Island,79055.9888,Year,Y,Denied
EZYV02254,Europe,Master's,N,N,37213,2005,Northeast,42333.3847,Year,Y,Certified
EZYV02255,Africa,Master's,N,N,51535,2010,West,2075.563,Year,Y,Certified
EZYV02256,Asia,Master's,Y,Y,38295,1993,South,30577.7049,Year,Y,Certified
EZYV02257,Africa,Master's,N,N,7510,1969,South,187766.3265,Year,Y,Certified
EZYV02258,North America,Bachelor's,Y,N,33758,2002,South,111341.4862,Year,Y,Certified
EZYV02259,Asia,Bachelor's,N,N,45627,2000,South,49841.5157,Year,N,Denied
EZYV02260,Asia,Bachelor's,Y,N,7472,1988,West,233270.318,Year,Y,Certified
EZYV02261,Europe,Master's,Y,N,30278,1998,West,196927.0719,Year,Y,Certified
EZYV02262,Oceania,Master's,Y,N,39246,1972,South,28768.2999,Year,Y,Certified
EZYV02263,Asia,Bachelor's,N,N,27864,2008,Northeast,67385.5473,Year,Y,Denied
EZYV02264,Asia,Doctorate,N,N,47948,1962,West,212390.4823,Year,Y,Certified
EZYV02265,Europe,Bachelor's,N,Y,7632,2010,West,173169.4306,Year,Y,Certified
EZYV02266,Asia,High School,N,N,20723,2010,South,236397.1945,Year,N,Denied
EZYV02267,North America,Bachelor's,N,N,57078,2001,Northeast,19247.1096,Year,Y,Certified
EZYV02268,Asia,Master's,Y,N,30880,2008,South,193897.7235,Year,Y,Certified
EZYV02269,North America,Doctorate,N,Y,10871,2014,West,19287.5717,Year,Y,Certified
EZYV02270,South America,Bachelor's,Y,N,6992,1969,West,84298.1515,Hour,Y,Denied
EZYV02271,Europe,Doctorate,Y,N,35595,1992,Northeast,187717.0583,Year,Y,Certified
EZYV02272,Europe,Master's,Y,N,55842,1998,South,177810.2916,Year,Y,Certified
EZYV02273,North America,Master's,N,N,2964,2016,South,729.0322,Year,Y,Certified
EZYV02274,South America,Master's,N,N,6585,2004,West,50645.3446,Year,N,Denied
EZYV02275,South America,Bachelor's,Y,Y,22522,1995,Northeast,194687.7044,Year,Y,Certified
EZYV02276,Asia,Master's,Y,N,12514,1993,West,31711.6487,Year,N,Certified
EZYV02277,Europe,Master's,Y,N,7277,1968,Midwest,81729.4507,Year,Y,Certified
EZYV02278,Asia,Master's,N,N,17919,1979,South,46135.5988,Year,Y,Certified
EZYV02279,South America,Bachelor's,N,N,38573,1985,South,28041.3429,Year,Y,Certified
EZYV02280,Europe,Master's,Y,N,49550,2012,Northeast,209189.1112,Year,Y,Certified
EZYV02281,Asia,Doctorate,Y,Y,18393,2011,Northeast,15523.1679,Year,Y,Certified
EZYV02282,Asia,Bachelor's,N,N,42043,1998,Midwest,134105.2771,Year,Y,Denied
EZYV02283,Asia,Doctorate,Y,N,49391,1966,Midwest,173229.0938,Year,Y,Certified
EZYV02284,North America,Bachelor's,Y,Y,435,2003,Northeast,14586.0366,Year,Y,Certified
EZYV02285,Asia,Bachelor's,Y,N,51172,1987,Midwest,158430.0073,Year,Y,Certified
EZYV02286,Asia,Bachelor's,Y,N,11025,1999,Northeast,83649.5657,Year,Y,Denied
EZYV02287,South America,Master's,Y,N,41107,1985,West,208419.5969,Year,Y,Certified
EZYV02288,North America,Master's,N,N,45012,2003,West,199455.3736,Year,Y,Certified
EZYV02289,Asia,Bachelor's,Y,N,50720,1973,South,198517.4783,Year,Y,Certified
EZYV02290,Asia,Master's,Y,N,24239,1968,South,99786.1383,Year,Y,Certified
EZYV02291,Oceania,Bachelor's,N,N,39576,1973,West,205672.5378,Year,Y,Denied
EZYV02292,North America,Bachelor's,N,N,1587,2015,Northeast,157569.5046,Year,Y,Certified
EZYV02293,Europe,Master's,Y,N,26823,1964,Island,94795.1546,Year,Y,Certified
EZYV02294,Asia,Master's,Y,N,57835,1977,Northeast,20351.3549,Year,Y,Certified
EZYV02295,Asia,Master's,N,N,9524,1980,Northeast,16891.3644,Year,Y,Certified
EZYV02296,Asia,Master's,Y,N,9086,2010,Midwest,63000.1283,Year,Y,Certified
EZYV02297,North America,Doctorate,N,N,42012,1981,South,75036.2442,Year,N,Certified
EZYV02298,Asia,Bachelor's,Y,N,30635,2013,South,231896.5672,Year,Y,Denied
EZYV02299,Asia,Bachelor's,Y,N,27304,2019,Northeast,249984.5259,Year,Y,Certified
EZYV02300,North America,High School,Y,N,14910,1999,Northeast,36089.7271,Hour,Y,Denied
EZYV02301,Africa,Master's,N,N,10288,1980,Northeast,235703.5063,Year,Y,Certified
EZYV02302,North America,Master's,Y,N,44252,1995,South,176693.6949,Hour,Y,Certified
EZYV02303,Asia,Master's,Y,N,21475,2000,South,124752.3205,Year,Y,Certified
EZYV02304,Asia,Bachelor's,Y,N,46606,1966,South,238680.7225,Year,Y,Certified
EZYV02305,Asia,High School,N,N,26608,2009,Midwest,178480.5569,Year,Y,Denied
EZYV02306,Asia,Master's,Y,N,23842,1986,Midwest,148494.8996,Year,Y,Certified
EZYV02307,Asia,Doctorate,N,N,13818,2010,South,52539.7857,Year,Y,Certified
EZYV02308,Asia,Bachelor's,N,N,39512,1996,Midwest,61262.0992,Year,Y,Denied
EZYV02309,Europe,Bachelor's,Y,Y,17089,2011,Midwest,227893.1337,Hour,Y,Denied
EZYV02310,South America,Bachelor's,N,N,54545,1964,Midwest,53916.6875,Year,Y,Certified
EZYV02311,Oceania,Bachelor's,N,N,24508,1962,West,8270.0424,Year,Y,Denied
EZYV02312,Asia,Bachelor's,Y,N,48891,1966,Northeast,66703.5291,Year,Y,Denied
EZYV02313,Asia,Bachelor's,Y,N,28205,2012,Northeast,120242.8188,Year,Y,Certified
EZYV02314,Asia,Master's,Y,N,24902,2019,Midwest,95614.7972,Year,Y,Certified
EZYV02315,Asia,Bachelor's,Y,Y,27199,2019,South,233963.5891,Year,Y,Certified
EZYV02316,Asia,Bachelor's,Y,N,26496,1979,Midwest,104759.7963,Year,Y,Denied
EZYV02317,Asia,High School,N,N,28746,1975,West,222285.3614,Year,Y,Denied
EZYV02318,North America,Doctorate,N,Y,53214,1980,Northeast,148746.8009,Year,Y,Certified
EZYV02319,Asia,Bachelor's,Y,N,42189,2009,South,131126.3432,Year,Y,Certified
EZYV02320,Africa,Bachelor's,Y,N,2076,1975,Midwest,40216.869,Year,Y,Certified
EZYV02321,Asia,High School,Y,N,3507,1992,Northeast,67903.7721,Year,N,Denied
EZYV02322,Asia,Master's,Y,N,1383,1998,West,216818.2608,Year,Y,Certified
EZYV02323,Asia,Master's,Y,N,41459,1981,Midwest,195033.3114,Year,Y,Certified
EZYV02324,Asia,High School,N,N,12359,1988,Northeast,111966.3564,Year,Y,Denied
EZYV02325,Asia,Bachelor's,N,N,23126,1999,Northeast,227273.7341,Year,Y,Certified
EZYV02326,Oceania,Bachelor's,Y,N,49659,2007,South,204830.84,Year,Y,Certified
EZYV02327,Asia,Master's,N,N,7920,1971,Midwest,28198.6664,Month,Y,Certified
EZYV02328,Asia,Doctorate,Y,Y,9205,1990,South,151561.4374,Year,Y,Certified
EZYV02329,Europe,Bachelor's,N,N,4780,1969,Northeast,199751.033,Year,Y,Denied
EZYV02330,Asia,Bachelor's,Y,N,17127,1960,Northeast,202124.3632,Year,Y,Certified
EZYV02331,Europe,Master's,Y,N,5390,1998,South,23017.0262,Year,N,Certified
EZYV02332,Asia,Master's,N,N,37749,1988,South,56307.8701,Hour,Y,Denied
EZYV02333,South America,Bachelor's,Y,N,44210,1975,Northeast,103377.2213,Year,Y,Certified
EZYV02334,Asia,Bachelor's,N,N,11066,1963,Midwest,63057.4474,Year,N,Denied
EZYV02335,Asia,Bachelor's,Y,Y,31466,2016,Northeast,27412.749,Year,Y,Denied
EZYV02336,Europe,Master's,N,Y,18197,2009,Midwest,157274.3473,Year,Y,Certified
EZYV02337,South America,Master's,N,N,4830,2016,Midwest,126966.8682,Year,Y,Certified
EZYV02338,Asia,Master's,Y,N,28022,1966,West,38916.4406,Year,Y,Certified
EZYV02339,Europe,Master's,Y,N,41841,1960,West,146678.2227,Year,Y,Certified
EZYV02340,Asia,Bachelor's,N,N,13698,1973,Northeast,15691.3354,Year,Y,Denied
EZYV02341,Asia,Bachelor's,Y,N,47289,1966,West,95883.6566,Year,Y,Certified
EZYV02342,Asia,High School,Y,N,59544,1987,South,198170.9873,Year,N,Denied
EZYV02343,North America,Master's,N,N,3391,1998,Northeast,222534.3992,Year,Y,Certified
EZYV02344,Asia,Master's,Y,N,9819,1971,West,61459.6113,Year,Y,Certified
EZYV02345,North America,Bachelor's,N,N,17375,1983,Northeast,214905.298,Year,Y,Denied
EZYV02346,Asia,High School,Y,N,50998,1992,Northeast,222961.0935,Year,Y,Certified
EZYV02347,South America,Master's,N,N,8539,1979,West,151799.1997,Year,Y,Certified
EZYV02348,South America,Master's,Y,Y,28213,1987,South,245548.0388,Hour,Y,Certified
EZYV02349,Asia,Master's,Y,N,32250,1995,Northeast,61694.7204,Year,Y,Certified
EZYV02350,Asia,Bachelor's,Y,N,7760,2017,Northeast,17429.7632,Year,Y,Certified
EZYV02351,Asia,Doctorate,N,Y,2534,1978,Northeast,210892.0993,Year,Y,Certified
EZYV02352,South America,Master's,N,N,7122,1965,South,122834.4787,Year,Y,Denied
EZYV02353,Asia,Master's,N,Y,3386,2012,South,86744.179,Year,Y,Denied
EZYV02354,Asia,Master's,Y,N,30025,1994,Northeast,13997.1613,Year,Y,Certified
EZYV02355,Asia,Doctorate,Y,N,56195,1988,West,16343.1948,Year,Y,Certified
EZYV02356,North America,Doctorate,N,N,21220,2003,Island,22860.9694,Year,Y,Certified
EZYV02357,Asia,Master's,N,N,15414,2018,West,46073.9016,Year,Y,Denied
EZYV02358,Asia,Bachelor's,Y,N,14087,1967,South,242606.1509,Year,Y,Certified
EZYV02359,Oceania,Bachelor's,N,N,58881,2011,West,70494.7547,Year,Y,Certified
EZYV02360,Asia,Master's,Y,Y,57536,1998,Midwest,204298.4157,Year,Y,Certified
EZYV02361,South America,Master's,Y,N,38916,1995,Midwest,5049.5623,Year,Y,Certified
EZYV02362,Asia,High School,N,N,27810,2011,Northeast,80589.4023,Hour,Y,Denied
EZYV02363,Asia,Bachelor's,Y,N,9601,1978,Northeast,226566.8698,Year,Y,Certified
EZYV02364,South America,Doctorate,Y,N,55729,2007,Northeast,46423.1876,Hour,Y,Certified
EZYV02365,Europe,Doctorate,Y,N,96,1994,West,71149.0754,Year,Y,Certified
EZYV02366,Europe,Doctorate,N,N,9852,2016,Northeast,206663.4175,Year,Y,Certified
EZYV02367,Asia,Bachelor's,Y,N,40723,1988,Midwest,30523.6433,Hour,Y,Denied
EZYV02368,Asia,Master's,N,N,11020,2003,Northeast,13485.1611,Year,Y,Denied
EZYV02369,Asia,Master's,Y,N,6506,1989,West,241500.9934,Hour,Y,Certified
EZYV02370,Asia,Bachelor's,Y,N,35767,1983,Northeast,101316.9813,Year,Y,Certified
EZYV02371,Asia,Bachelor's,Y,N,1588,1982,South,164536.2432,Year,Y,Certified
EZYV02372,Asia,Doctorate,Y,N,16203,2015,South,31953.5547,Year,Y,Certified
EZYV02373,Asia,High School,Y,N,38569,2010,West,55200.314,Year,Y,Certified
EZYV02374,Asia,Master's,Y,N,11108,1973,South,115103.1934,Year,N,Certified
EZYV02375,Asia,Master's,N,Y,45563,2011,South,168853.2737,Year,Y,Certified
EZYV02376,Asia,Master's,Y,Y,5694,1995,West,73453.3282,Year,Y,Certified
EZYV02377,South America,Bachelor's,N,N,36801,1966,Midwest,221181.511,Year,Y,Denied
EZYV02378,Europe,Master's,N,N,4590,2005,West,195329.7721,Year,Y,Certified
EZYV02379,Asia,Bachelor's,Y,N,43911,1969,West,137979.1611,Year,Y,Certified
EZYV02380,Europe,Master's,Y,N,45193,2012,South,114910.9536,Year,N,Certified
EZYV02381,South America,Bachelor's,Y,N,47692,1987,Midwest,154961.7272,Year,Y,Certified
EZYV02382,Asia,Master's,Y,N,16940,2014,South,182969.459,Year,Y,Certified
EZYV02383,Asia,Master's,Y,N,14189,1988,Midwest,33910.5838,Year,Y,Certified
EZYV02384,Asia,Bachelor's,Y,N,58705,1965,West,213189.8124,Year,N,Denied
EZYV02385,Asia,Bachelor's,Y,N,43773,2006,Northeast,122452.8154,Hour,Y,Denied
EZYV02386,North America,Master's,Y,N,10999,2003,Northeast,233848.9287,Year,Y,Certified
EZYV02387,Oceania,High School,N,N,1765,1978,West,238894.4905,Year,Y,Denied
EZYV02388,Asia,Bachelor's,N,N,21276,1972,West,7873.0619,Year,N,Denied
EZYV02389,North America,Bachelor's,Y,N,39912,2011,West,96243.3477,Year,Y,Certified
EZYV02390,Asia,Doctorate,Y,N,22503,2006,Midwest,131650.6086,Year,N,Certified
EZYV02391,Europe,Master's,N,N,48467,1977,South,134990.9529,Year,Y,Certified
EZYV02392,North America,Bachelor's,Y,N,30016,2002,South,205633.863,Year,Y,Certified
EZYV02393,Asia,Doctorate,Y,N,59477,1974,West,35447.7761,Year,N,Certified
EZYV02394,Asia,Bachelor's,N,N,52240,1970,Northeast,155696.1759,Year,Y,Denied
EZYV02395,Europe,Bachelor's,Y,N,28282,1999,West,235660.7276,Year,Y,Certified
EZYV02396,Oceania,Bachelor's,Y,N,50088,2009,Midwest,249173.4602,Year,Y,Denied
EZYV02397,Asia,Bachelor's,Y,N,26897,2015,Northeast,2719.3681,Year,Y,Certified
EZYV02398,Asia,Bachelor's,N,N,612,1987,Midwest,243147.3073,Year,Y,Certified
EZYV02399,Asia,Master's,N,N,18492,1968,West,30728.0649,Year,Y,Certified
EZYV02400,Europe,High School,N,N,24564,1992,Northeast,134330.2443,Year,Y,Denied
EZYV02401,Europe,Master's,Y,N,58587,2000,Midwest,61743.1784,Year,Y,Certified
EZYV02402,North America,Bachelor's,Y,N,49678,2018,West,151676.4811,Year,Y,Certified
EZYV02403,North America,Bachelor's,N,N,8809,1966,South,9449.2426,Year,Y,Certified
EZYV02404,South America,Bachelor's,N,N,26,1999,Northeast,59735.5036,Hour,Y,Denied
EZYV02405,North America,Master's,N,N,31734,1990,South,75283.7932,Year,Y,Denied
EZYV02406,Asia,Master's,N,N,32025,1995,West,228918.6741,Year,Y,Denied
EZYV02407,Europe,Bachelor's,Y,N,44126,1965,Northeast,145990.6608,Year,Y,Certified
EZYV02408,Asia,Bachelor's,N,N,15579,1961,South,177110.7886,Year,Y,Certified
EZYV02409,Asia,Bachelor's,N,N,48734,1996,Midwest,169068.5928,Year,Y,Denied
EZYV02410,Africa,Master's,N,N,24774,1971,West,98193.6265,Hour,Y,Denied
EZYV02411,Europe,Bachelor's,N,N,20084,1996,West,3702.4629,Year,Y,Certified
EZYV02412,Oceania,Master's,Y,Y,25226,1961,Midwest,26933.7867,Year,Y,Certified
EZYV02413,Asia,Bachelor's,N,N,56670,2008,Northeast,114810.3594,Year,Y,Certified
EZYV02414,Asia,Bachelor's,Y,N,23514,1979,Northeast,235335.4358,Year,N,Denied
EZYV02415,Asia,Master's,Y,N,33641,1987,West,62339.7003,Year,Y,Certified
EZYV02416,Asia,Bachelor's,N,N,53518,1980,South,174640.0162,Year,N,Denied
EZYV02417,Asia,High School,N,N,1111,1985,Northeast,206683.6416,Year,Y,Denied
EZYV02418,Asia,Doctorate,N,N,32194,1991,West,226714.964,Year,Y,Certified
EZYV02419,Asia,Bachelor's,Y,N,42504,1998,Northeast,73512.9057,Year,Y,Certified
EZYV02420,Africa,Bachelor's,Y,N,54226,2001,South,232834.537,Year,Y,Denied
EZYV02421,Asia,Bachelor's,Y,N,3704,2019,West,152073.9687,Year,Y,Certified
EZYV02422,Asia,Bachelor's,N,Y,43608,1970,West,127200.0147,Year,N,Certified
EZYV02423,North America,Master's,N,N,48156,2012,South,194642.4794,Year,Y,Certified
EZYV02424,Asia,High School,N,N,21076,1996,Northeast,59830.4108,Year,Y,Denied
EZYV02425,Africa,Doctorate,Y,Y,44771,1978,Midwest,203182.5418,Hour,Y,Certified
EZYV02426,North America,Master's,Y,N,29621,2015,Midwest,162560.6811,Year,Y,Certified
EZYV02427,Asia,Doctorate,N,N,39490,2002,South,199881.659,Year,Y,Certified
EZYV02428,Europe,Master's,Y,N,23400,1971,Northeast,213959.4043,Year,Y,Certified
EZYV02429,Europe,Doctorate,N,Y,10643,1970,West,154413.3913,Year,Y,Certified
EZYV02430,North America,Master's,N,N,49717,1999,South,9376.43,Year,Y,Denied
EZYV02431,South America,Bachelor's,Y,N,12998,2003,Northeast,74577.3655,Year,Y,Certified
EZYV02432,North America,Bachelor's,Y,Y,11268,1962,Northeast,219529.3323,Year,N,Certified
EZYV02433,Europe,Master's,N,N,53166,1997,Northeast,156813.7364,Hour,Y,Certified
EZYV02434,Asia,Bachelor's,N,N,56185,1991,South,222536.0794,Year,Y,Denied
EZYV02435,Europe,Master's,N,N,36565,2018,South,96255.2198,Year,N,Certified
EZYV02436,Africa,High School,N,N,34831,2004,Midwest,126280.9185,Year,Y,Denied
EZYV02437,Europe,Master's,Y,N,21657,2014,South,215675.5921,Year,Y,Certified
EZYV02438,Europe,Bachelor's,N,N,36711,1962,South,190555.4332,Year,Y,Denied
EZYV02439,Asia,Doctorate,N,N,36559,2005,Northeast,94499.7826,Year,N,Certified
EZYV02440,North America,Bachelor's,Y,N,31015,1980,Midwest,5853.0455,Year,Y,Certified
EZYV02441,Oceania,Bachelor's,N,N,39313,1993,Northeast,220108.8229,Year,Y,Denied
EZYV02442,Asia,Master's,Y,N,33276,2012,Northeast,196631.9403,Year,Y,Certified
EZYV02443,Asia,Master's,Y,N,52755,2012,West,112400.3755,Week,Y,Certified
EZYV02444,Asia,Master's,Y,Y,40065,1973,West,136650.8737,Year,Y,Certified
EZYV02445,Asia,Doctorate,N,N,23121,1974,West,51237.1419,Year,Y,Certified
EZYV02446,Europe,Bachelor's,Y,Y,39307,2003,South,103142.8522,Year,Y,Certified
EZYV02447,Asia,Master's,Y,N,13817,2012,South,40966.2177,Year,N,Certified
EZYV02448,Asia,Bachelor's,N,N,12860,1996,South,52800.2795,Year,Y,Denied
EZYV02449,Europe,Master's,Y,N,49612,1963,West,211623.0994,Year,Y,Certified
EZYV02450,Europe,Bachelor's,N,N,34952,1969,South,90745.6,Year,Y,Certified
EZYV02451,Europe,High School,N,N,3238,2004,South,203717.8861,Year,Y,Denied
EZYV02452,North America,Master's,Y,N,21287,2004,Northeast,118580.186,Year,N,Certified
EZYV02453,Europe,Master's,Y,N,59054,2013,Midwest,17880.2884,Year,Y,Certified
EZYV02454,North America,Bachelor's,N,Y,38227,1991,Northeast,90509.4917,Year,Y,Certified
EZYV02455,Europe,Doctorate,Y,N,52117,1985,Northeast,39736.709,Year,Y,Certified
EZYV02456,Asia,Master's,Y,Y,32876,1966,Midwest,173455.3884,Year,Y,Certified
EZYV02457,Europe,Bachelor's,N,N,2570,2006,West,227866.2329,Year,Y,Denied
EZYV02458,Asia,Master's,N,Y,10793,2016,West,190816.2759,Year,Y,Certified
EZYV02459,Asia,Bachelor's,N,N,5540,1962,West,194653.7146,Year,Y,Denied
EZYV02460,Asia,High School,Y,Y,44088,1989,Northeast,215494.2634,Hour,Y,Certified
EZYV02461,South America,Master's,N,N,45401,1981,West,194210.8298,Year,Y,Certified
EZYV02462,Europe,Bachelor's,N,N,27428,2004,Northeast,142229.5985,Week,Y,Denied
EZYV02463,Asia,Bachelor's,N,N,43470,2005,Midwest,178626.2171,Year,Y,Certified
EZYV02464,Europe,Master's,N,N,33093,1973,Northeast,104105.4975,Year,N,Certified
EZYV02465,Asia,High School,N,N,44392,2017,West,17882.8364,Year,Y,Denied
EZYV02466,North America,Master's,Y,N,40363,1968,South,176453.8329,Year,Y,Certified
EZYV02467,South America,Master's,Y,N,27344,2006,Northeast,180470.9088,Year,Y,Certified
EZYV02468,Europe,Bachelor's,Y,N,39177,2004,South,56085.9031,Year,Y,Certified
EZYV02469,Europe,Master's,Y,N,19126,1969,West,238494.6026,Year,Y,Certified
EZYV02470,Asia,High School,Y,N,44939,2000,Northeast,13317.3559,Year,Y,Denied
EZYV02471,Asia,Master's,Y,N,54820,1976,Midwest,184042.5703,Year,Y,Certified
EZYV02472,South America,High School,N,N,12417,1976,South,242125.9015,Year,N,Denied
EZYV02473,North America,Doctorate,Y,Y,40027,1965,West,77425.6145,Month,Y,Certified
EZYV02474,Asia,Bachelor's,Y,Y,6636,2004,West,228133.8614,Hour,Y,Certified
EZYV02475,Asia,Master's,Y,Y,22659,2008,South,206643.7761,Year,Y,Certified
EZYV02476,Asia,Bachelor's,Y,Y,40155,1990,West,186078.5444,Year,Y,Certified
EZYV02477,Asia,Bachelor's,N,N,16655,2006,West,238457.1336,Year,Y,Certified
EZYV02478,Asia,Bachelor's,Y,N,14170,1980,West,163583.4573,Year,Y,Certified
EZYV02479,Asia,Master's,Y,N,23042,1993,South,123821.187,Year,Y,Certified
EZYV02480,Africa,Doctorate,N,N,6889,2007,West,168985.1192,Year,N,Denied
EZYV02481,Asia,High School,Y,N,37532,1985,South,103073.5834,Year,Y,Denied
EZYV02482,Asia,High School,Y,N,7887,1997,Northeast,81356.8159,Year,Y,Denied
EZYV02483,Asia,Bachelor's,N,N,19999,1968,Northeast,20744.9571,Hour,Y,Certified
EZYV02484,Asia,Bachelor's,Y,N,18778,1990,West,94626.5429,Year,Y,Certified
EZYV02485,North America,Doctorate,N,N,58073,2011,Midwest,200838.1256,Year,Y,Certified
EZYV02486,Asia,Doctorate,N,N,59507,2006,Northeast,236369.8599,Year,Y,Certified
EZYV02487,North America,Doctorate,N,N,4772,1978,South,243792.899,Year,Y,Certified
EZYV02488,North America,Bachelor's,Y,N,9448,1992,Northeast,51790.1626,Year,Y,Certified
EZYV02489,Asia,Bachelor's,N,N,43935,1997,West,142943.6541,Year,Y,Denied
EZYV02490,Europe,Master's,N,N,17922,2016,West,144021.89,Year,Y,Denied
EZYV02491,Africa,Bachelor's,Y,Y,38651,2009,West,44176.6766,Year,Y,Certified
EZYV02492,Asia,Master's,N,Y,55245,2009,West,145490.7251,Year,Y,Denied
EZYV02493,Asia,Bachelor's,Y,Y,9783,2005,West,90818.1575,Year,Y,Certified
EZYV02494,Africa,Bachelor's,N,N,57799,1981,Northeast,235613.1277,Week,Y,Denied
EZYV02495,South America,Master's,N,N,3163,1982,South,63949.5096,Year,N,Certified
EZYV02496,Asia,Bachelor's,Y,N,13742,1987,Northeast,208773.3066,Year,Y,Certified
EZYV02497,Europe,Doctorate,Y,Y,30461,1985,Midwest,224234.536,Year,Y,Certified
EZYV02498,Asia,Bachelor's,N,N,52828,2017,West,184020.8894,Year,N,Denied
EZYV02499,North America,High School,Y,N,33239,2012,Northeast,53826.384,Year,Y,Certified
EZYV02500,Asia,Bachelor's,Y,N,8347,2013,Northeast,65240.1933,Year,Y,Certified
EZYV02501,Asia,Bachelor's,Y,N,14946,1996,South,242785.2428,Year,Y,Certified
EZYV02502,Europe,Master's,N,N,45695,1971,Midwest,19142.1007,Year,Y,Certified
EZYV02503,Africa,Bachelor's,Y,N,33701,1968,Northeast,29448.0596,Year,Y,Certified
EZYV02504,South America,Master's,N,N,795,1976,West,244646.7196,Year,Y,Certified
EZYV02505,Asia,Master's,N,N,30101,1999,South,194268.3146,Hour,Y,Certified
EZYV02506,Asia,Bachelor's,Y,N,24406,1981,West,186646.686,Year,N,Certified
EZYV02507,Africa,Bachelor's,Y,N,49,1999,West,40219.8987,Year,Y,Certified
EZYV02508,Africa,Bachelor's,Y,Y,14851,2012,Northeast,122336.9201,Year,Y,Certified
EZYV02509,Asia,Master's,N,N,56121,1980,West,210222.4981,Year,Y,Denied
EZYV02510,Europe,Master's,N,N,42244,2015,Northeast,82351.9012,Year,Y,Denied
EZYV02511,Asia,Bachelor's,Y,N,4261,1990,Midwest,48352.7301,Year,Y,Denied
EZYV02512,Asia,Master's,Y,N,978,2008,Northeast,2934.1404,Year,Y,Certified
EZYV02513,Asia,Bachelor's,Y,N,20766,1963,West,155711.1127,Year,Y,Certified
EZYV02514,Asia,Bachelor's,N,N,27902,1976,South,73593.8155,Year,Y,Certified
EZYV02515,Asia,Bachelor's,Y,N,27216,2015,West,215945.3722,Year,N,Certified
EZYV02516,South America,Doctorate,Y,N,41808,2013,Northeast,71022.8181,Year,Y,Certified
EZYV02517,Asia,Bachelor's,N,N,10414,1994,West,38063.6379,Year,Y,Denied
EZYV02518,Asia,Bachelor's,Y,N,2816,1961,Northeast,240119.7885,Year,Y,Denied
EZYV02519,Asia,Bachelor's,Y,N,40365,1963,South,241201.2977,Year,N,Denied
EZYV02520,Asia,Master's,Y,N,53845,1985,Midwest,171318.9523,Year,Y,Denied
EZYV02521,Asia,Bachelor's,N,N,10076,2013,South,232110.7485,Year,Y,Denied
EZYV02522,Europe,Bachelor's,Y,Y,21681,1982,South,40626.0286,Year,Y,Certified
EZYV02523,Asia,Bachelor's,N,N,37604,2013,West,115193.1468,Year,Y,Certified
EZYV02524,Europe,Master's,Y,Y,9928,1992,South,51198.891,Year,Y,Certified
EZYV02525,Africa,Bachelor's,Y,N,51599,1968,Midwest,119800.0579,Hour,Y,Denied
EZYV02526,Asia,Doctorate,N,N,13539,1993,South,197836.2641,Year,Y,Certified
EZYV02527,Africa,Bachelor's,N,Y,31962,1981,Midwest,211262.9762,Year,Y,Denied
EZYV02528,Africa,Bachelor's,N,N,20344,1973,Midwest,1240.2657,Year,Y,Certified
EZYV02529,South America,Doctorate,N,N,40049,2000,South,97497.9485,Year,Y,Certified
EZYV02530,Europe,Master's,Y,N,11914,1972,South,248518.358,Year,Y,Certified
EZYV02531,Europe,Bachelor's,N,N,5907,2014,West,147410.8775,Year,Y,Certified
EZYV02532,Europe,Master's,Y,Y,30642,2008,West,74189.7432,Year,Y,Certified
EZYV02533,Europe,Master's,Y,Y,51915,2006,Northeast,97370.7662,Year,Y,Certified
EZYV02534,Asia,Bachelor's,N,N,37981,1964,Northeast,80776.4239,Year,Y,Certified
EZYV02535,Africa,Master's,N,Y,45339,2017,Northeast,112010.0878,Year,Y,Certified
EZYV02536,Europe,Master's,Y,N,26014,1989,West,111232.7611,Year,Y,Denied
EZYV02537,North America,Bachelor's,Y,N,8420,2003,West,126814.4536,Year,N,Certified
EZYV02538,Asia,Master's,N,N,25630,1971,Northeast,116233.6006,Year,Y,Denied
EZYV02539,Asia,Bachelor's,Y,N,59249,2006,South,129125.1985,Year,Y,Certified
EZYV02540,Asia,High School,Y,N,46905,1979,West,7191.6398,Year,Y,Certified
EZYV02541,Asia,Doctorate,Y,N,42216,2002,Midwest,13795.8387,Hour,Y,Certified
EZYV02542,Asia,Master's,Y,Y,18071,1976,Northeast,92911.7645,Year,Y,Certified
EZYV02543,Asia,Master's,Y,N,35985,2015,South,221258.4027,Year,Y,Certified
EZYV02544,Asia,Master's,N,N,37371,2002,South,197749.9094,Year,Y,Certified
EZYV02545,Asia,Master's,Y,N,39257,1987,West,27716.3797,Year,Y,Certified
EZYV02546,Asia,Bachelor's,Y,N,53576,1987,Northeast,123808.7735,Year,Y,Certified
EZYV02547,Africa,Doctorate,N,N,40899,1960,Northeast,151225.9003,Year,Y,Certified
EZYV02548,Asia,Master's,Y,N,13302,1977,West,120401.0729,Year,Y,Certified
EZYV02549,Asia,Master's,N,N,13305,2007,South,174452.1459,Year,Y,Denied
EZYV02550,Asia,Bachelor's,N,N,37199,2009,Northeast,249316.3369,Year,Y,Certified
EZYV02551,Asia,Bachelor's,N,N,51974,2019,South,24299.2377,Year,Y,Denied
EZYV02552,Asia,High School,N,N,56879,1965,Northeast,128980.4011,Year,Y,Denied
EZYV02553,Europe,Bachelor's,N,N,36585,1975,South,128190.3914,Year,N,Denied
EZYV02554,Africa,Bachelor's,N,Y,31794,2005,South,140682.2237,Year,Y,Certified
EZYV02555,Asia,Master's,N,N,48963,1981,Northeast,41908.4705,Year,Y,Certified
EZYV02556,Europe,Master's,Y,N,58614,1974,Northeast,159661.7762,Hour,Y,Certified
EZYV02557,Asia,Bachelor's,N,N,1686,1976,Midwest,11276.3625,Year,Y,Certified
EZYV02558,Asia,Bachelor's,N,N,18613,2015,Midwest,185332.647,Year,Y,Denied
EZYV02559,Asia,Master's,Y,N,20041,2011,Northeast,165857.2495,Year,Y,Certified
EZYV02560,Asia,Bachelor's,N,N,33864,1960,West,82739.8324,Year,Y,Certified
EZYV02561,Europe,Doctorate,Y,N,17703,2010,Northeast,247249.5424,Year,N,Certified
EZYV02562,Europe,Bachelor's,Y,N,18672,1993,Midwest,207228.84,Year,Y,Certified
EZYV02563,North America,Bachelor's,N,N,1479,2010,Midwest,134976.0016,Year,Y,Denied
EZYV02564,Asia,Bachelor's,Y,N,238,1997,West,247629.5004,Year,Y,Denied
EZYV02565,Europe,Doctorate,Y,N,27007,2001,West,207556.6428,Year,Y,Certified
EZYV02566,Asia,Bachelor's,Y,N,59838,1994,South,34666.7246,Year,Y,Certified
EZYV02567,Asia,Master's,N,N,17748,2004,Northeast,147846.9389,Year,Y,Certified
EZYV02568,Asia,Bachelor's,Y,N,14415,2008,South,145298.2376,Year,N,Certified
EZYV02569,Europe,Bachelor's,N,N,15877,1990,Northeast,163305.7039,Year,Y,Certified
EZYV02570,Oceania,Master's,N,N,58386,1966,West,235200.9966,Year,Y,Certified
EZYV02571,Asia,Bachelor's,N,N,39835,1965,South,123109.5719,Week,Y,Certified
EZYV02572,Europe,High School,N,N,39187,1984,Northeast,19529.8896,Year,Y,Denied
EZYV02573,North America,Master's,N,N,11374,1988,West,119936.9739,Year,Y,Denied
EZYV02574,South America,Master's,Y,N,54237,2011,West,196991.0379,Year,Y,Certified
EZYV02575,Asia,Bachelor's,N,N,11814,1961,West,89780.4719,Year,Y,Certified
EZYV02576,Europe,Bachelor's,Y,Y,58032,2013,South,6970.8055,Year,Y,Certified
EZYV02577,Europe,Doctorate,Y,N,57147,1963,Midwest,75950.1568,Year,Y,Certified
EZYV02578,South America,Master's,Y,N,34076,1989,Northeast,170601.0562,Year,Y,Certified
EZYV02579,Asia,Master's,N,N,52092,1985,West,21685.1551,Year,Y,Certified
EZYV02580,Africa,Master's,Y,N,59981,1993,South,94116.0092,Year,Y,Certified
EZYV02581,Asia,Master's,N,N,34827,1962,Northeast,33456.0826,Year,N,Denied
EZYV02582,South America,Bachelor's,Y,N,46043,2005,Midwest,119086.9622,Year,Y,Certified
EZYV02583,Asia,Bachelor's,Y,N,35445,1968,South,35550.0702,Year,Y,Certified
EZYV02584,Asia,Master's,Y,N,31436,2006,South,27437.4364,Year,Y,Certified
EZYV02585,Asia,Master's,N,N,20091,1994,Northeast,174510.1382,Year,Y,Denied
EZYV02586,Asia,Doctorate,Y,N,39301,2013,Island,39668.7968,Year,Y,Certified
EZYV02587,Asia,Master's,Y,N,16047,2018,Midwest,38867.9895,Year,Y,Certified
EZYV02588,Asia,Bachelor's,Y,N,11668,2010,Northeast,148211.29,Year,Y,Certified
EZYV02589,Asia,Bachelor's,Y,Y,16537,1987,West,11089.7341,Year,Y,Denied
EZYV02590,Asia,Master's,N,N,676,1984,Northeast,8441.5587,Year,N,Certified
EZYV02591,North America,Bachelor's,Y,N,56032,1999,West,107975.278,Year,Y,Certified
EZYV02592,South America,Master's,Y,N,15418,1998,South,91400.8517,Year,Y,Certified
EZYV02593,Europe,Master's,N,N,47999,2007,Northeast,136245.9267,Year,N,Certified
EZYV02594,Asia,High School,Y,N,26106,1988,South,248372.4574,Year,Y,Certified
EZYV02595,Asia,Master's,Y,N,20375,1987,Midwest,108789.6827,Year,Y,Certified
EZYV02596,Africa,Master's,N,N,13694,1967,South,144099.3827,Year,Y,Denied
EZYV02597,Asia,Doctorate,N,N,49245,1970,Northeast,229827.0578,Year,Y,Certified
EZYV02598,Asia,Bachelor's,N,N,30849,2009,Midwest,120898.1399,Year,Y,Denied
EZYV02599,Africa,Master's,Y,N,26991,2019,Northeast,195323.9073,Year,N,Certified
EZYV02600,Africa,Bachelor's,Y,Y,39481,1996,South,137253.4035,Year,Y,Certified
EZYV02601,Asia,Master's,Y,N,48160,1980,South,159374.3705,Hour,Y,Certified
EZYV02602,Europe,High School,Y,N,39352,1963,Northeast,233139.1096,Year,Y,Denied
EZYV02603,Asia,Doctorate,Y,N,28079,1962,Northeast,375.8013,Year,N,Certified
EZYV02604,North America,Doctorate,N,N,53627,2000,Northeast,225254.7843,Year,Y,Certified
EZYV02605,Asia,Master's,N,N,53740,1998,Northeast,124523.4665,Year,Y,Certified
EZYV02606,Asia,Master's,Y,Y,57979,1976,South,151769.7394,Year,Y,Certified
EZYV02607,Europe,High School,Y,N,5473,1971,Midwest,112624.4814,Year,Y,Certified
EZYV02608,Asia,Master's,N,N,53443,1964,Northeast,65377.4736,Year,Y,Certified
EZYV02609,Europe,Bachelor's,Y,Y,11602,2000,West,16688.5961,Year,Y,Certified
EZYV02610,Asia,Master's,Y,Y,37216,1996,South,236292.4022,Year,Y,Certified
EZYV02611,South America,High School,Y,Y,39484,1979,Northeast,156044.2763,Hour,Y,Certified
EZYV02612,North America,Master's,N,N,12357,2003,South,218392.9902,Year,Y,Certified
EZYV02613,Asia,Bachelor's,N,N,502,2010,Northeast,72843.9091,Year,Y,Denied
EZYV02614,North America,Master's,Y,N,56607,1991,West,69644.1375,Year,Y,Certified
EZYV02615,Asia,Master's,Y,N,53475,1975,South,84078.9543,Year,Y,Certified
EZYV02616,Asia,Bachelor's,N,N,10504,1960,West,57913.3496,Year,Y,Denied
EZYV02617,Asia,Bachelor's,Y,N,36085,2007,Midwest,124593.0842,Year,Y,Certified
EZYV02618,South America,Master's,N,N,9098,1994,Northeast,234073.1385,Year,N,Certified
EZYV02619,South America,Master's,Y,N,33999,1980,Midwest,219040.4554,Year,Y,Certified
EZYV02620,Africa,High School,N,N,19064,1960,Northeast,123876.0934,Year,Y,Denied
EZYV02621,South America,Bachelor's,N,N,45103,2008,Northeast,87320.864,Year,Y,Certified
EZYV02622,Africa,Bachelor's,N,N,34422,2015,Northeast,152999.6131,Year,N,Denied
EZYV02623,Asia,Master's,Y,N,29891,1988,Midwest,153142.0817,Year,Y,Certified
EZYV02624,Africa,Master's,N,N,40893,1976,West,171004.2694,Year,Y,Certified
EZYV02625,Europe,High School,Y,N,28555,1997,Midwest,133992.8865,Year,Y,Denied
EZYV02626,Asia,Master's,Y,N,812,2012,West,6883.464,Year,Y,Certified
EZYV02627,Europe,Master's,Y,N,35763,1995,South,19196.42,Year,Y,Certified
EZYV02628,Asia,Master's,N,N,46684,1960,Midwest,243448.9914,Year,Y,Denied
EZYV02629,Asia,High School,Y,N,29429,1971,Midwest,186609.5767,Year,Y,Certified
EZYV02630,Asia,Bachelor's,N,N,10513,1965,West,237072.0753,Year,Y,Certified
EZYV02631,Asia,Bachelor's,Y,N,485,1984,South,85013.4951,Year,Y,Certified
EZYV02632,Asia,Bachelor's,Y,N,17799,1987,Midwest,133830.3647,Year,Y,Certified
EZYV02633,South America,Bachelor's,Y,N,46086,1992,Northeast,80623.5894,Month,Y,Denied
EZYV02634,Europe,High School,N,N,19335,2005,Midwest,227251.9747,Year,N,Denied
EZYV02635,Asia,Bachelor's,Y,N,57369,1966,Island,72075.7991,Year,Y,Certified
EZYV02636,Asia,Master's,Y,N,19956,2016,West,173514.0637,Year,Y,Certified
EZYV02637,Asia,Bachelor's,Y,N,25665,1975,Northeast,43928.8826,Year,Y,Certified
EZYV02638,Asia,Master's,Y,N,45625,1991,Northeast,26491.8125,Year,N,Certified
EZYV02639,South America,High School,Y,N,36842,1972,Midwest,39077.5142,Year,Y,Denied
EZYV02640,Asia,Master's,Y,N,2471,1981,Midwest,132457.9256,Year,Y,Denied
EZYV02641,North America,Bachelor's,Y,N,4590,2009,West,211166.3519,Year,Y,Certified
EZYV02642,North America,Master's,N,Y,11803,1962,Midwest,249820.0753,Hour,Y,Certified
EZYV02643,Europe,Master's,Y,N,52299,1988,South,155746.2243,Hour,Y,Denied
EZYV02644,South America,Bachelor's,Y,N,1353,1995,Midwest,133494.1623,Year,Y,Certified
EZYV02645,Asia,Master's,Y,N,4310,1994,Northeast,196763.2711,Year,Y,Certified
EZYV02646,South America,Bachelor's,Y,N,46701,1982,Northeast,16123.3018,Year,Y,Certified
EZYV02647,North America,Master's,N,N,37376,1982,South,202387.4294,Year,Y,Denied
EZYV02648,North America,High School,Y,N,59023,2014,South,189643.2093,Hour,Y,Denied
EZYV02649,Europe,Bachelor's,Y,N,13187,1974,South,132479.4732,Year,Y,Certified
EZYV02650,South America,Bachelor's,N,N,39577,1988,West,5942.1465,Year,Y,Denied
EZYV02651,Oceania,Doctorate,Y,N,8084,1981,Northeast,50708.8057,Year,Y,Certified
EZYV02652,Asia,Bachelor's,N,N,35414,2005,West,92554.2073,Year,Y,Certified
EZYV02653,North America,Master's,N,N,6384,2008,Northeast,235317.312,Year,N,Certified
EZYV02654,North America,Bachelor's,Y,N,54485,2010,Midwest,159694.5083,Year,Y,Certified
EZYV02655,Asia,Bachelor's,Y,N,24968,1965,Northeast,127621.1348,Year,Y,Certified
EZYV02656,Africa,Bachelor's,Y,N,15308,1965,West,122208.9198,Year,Y,Certified
EZYV02657,Asia,Doctorate,Y,N,59070,1982,West,195037.9378,Year,Y,Certified
EZYV02658,Europe,Master's,Y,N,4001,1986,South,81042.8337,Year,N,Certified
EZYV02659,Asia,Bachelor's,Y,N,47996,1963,Northeast,23812.296,Year,N,Certified
EZYV02660,Asia,Master's,Y,N,30605,2013,Northeast,169325.4183,Year,Y,Certified
EZYV02661,South America,Bachelor's,Y,N,41261,2013,South,82388.1988,Hour,Y,Certified
EZYV02662,Asia,High School,Y,N,15632,1985,Northeast,81533.0907,Year,Y,Certified
EZYV02663,Asia,Master's,N,N,52882,2006,Northeast,113787.866,Year,Y,Certified
EZYV02664,Asia,Bachelor's,N,N,27073,1993,West,60834.9586,Year,Y,Denied
EZYV02665,Asia,Bachelor's,Y,N,25122,1999,Northeast,230441.2919,Year,Y,Certified
EZYV02666,North America,Master's,N,N,27386,2012,Northeast,211773.2115,Year,Y,Certified
EZYV02667,South America,Bachelor's,Y,N,17793,1965,South,247773.8651,Year,Y,Certified
EZYV02668,Asia,Doctorate,N,N,19140,1973,South,241144.2892,Year,Y,Certified
EZYV02669,Europe,Master's,N,N,8418,1985,South,78750.9452,Year,Y,Certified
EZYV02670,Asia,Master's,N,N,29187,2013,West,95273.3701,Year,Y,Certified
EZYV02671,Europe,Master's,Y,N,28491,1995,West,174624.846,Year,Y,Denied
EZYV02672,Asia,Master's,Y,N,22818,1983,South,4158.3065,Year,Y,Certified
EZYV02673,Asia,Bachelor's,N,N,59136,1961,South,248473.4436,Year,N,Denied
EZYV02674,Asia,Master's,Y,N,6796,1995,Northeast,2908.6019,Hour,Y,Certified
EZYV02675,Europe,Master's,Y,Y,54618,1976,West,132965.1841,Year,Y,Certified
EZYV02676,Asia,Doctorate,N,N,52005,1979,South,167241.338,Year,Y,Certified
EZYV02677,Asia,Bachelor's,N,N,1350,2019,Midwest,228553.7477,Year,Y,Certified
EZYV02678,North America,Master's,N,N,42080,1991,West,161105.2529,Year,Y,Certified
EZYV02679,North America,Master's,N,N,12563,1968,West,149322.8062,Year,Y,Certified
EZYV02680,Asia,Bachelor's,N,N,2492,1962,South,75229.7529,Year,Y,Denied
EZYV02681,North America,Master's,Y,N,51662,1983,Midwest,147812.1645,Hour,N,Certified
EZYV02682,South America,Bachelor's,N,N,6960,1963,South,187475.4379,Year,Y,Certified
EZYV02683,Asia,Bachelor's,N,N,17944,1985,South,128994.8014,Year,Y,Denied
EZYV02684,Europe,Master's,N,N,5804,1984,Midwest,194952.8975,Year,Y,Certified
EZYV02685,Asia,Bachelor's,Y,N,8530,2012,West,17589.3391,Year,Y,Certified
EZYV02686,North America,High School,Y,N,3718,1980,South,83977.2873,Year,Y,Certified
EZYV02687,Asia,High School,N,N,50543,1976,Northeast,239961.5207,Hour,Y,Denied
EZYV02688,Europe,Bachelor's,Y,N,3557,1996,Northeast,80996.4144,Year,N,Certified
EZYV02689,Asia,Master's,Y,N,45558,1998,West,155539.4544,Hour,Y,Certified
EZYV02690,Asia,Doctorate,N,N,9439,1962,Northeast,130067.2125,Year,Y,Certified
EZYV02691,Africa,Master's,Y,N,54895,1965,Northeast,234168.6785,Year,Y,Certified
EZYV02692,Asia,Bachelor's,Y,N,50874,1970,Northeast,40860.4147,Year,Y,Certified
EZYV02693,South America,Master's,Y,N,37772,2006,Midwest,74987.1473,Year,Y,Certified
EZYV02694,Oceania,Master's,Y,N,49696,1972,South,215621.8509,Year,Y,Certified
EZYV02695,South America,Master's,N,N,17910,2019,South,166617.3957,Year,Y,Certified
EZYV02696,Asia,Bachelor's,Y,N,46992,1986,Midwest,135853.7303,Year,N,Certified
EZYV02697,North America,Bachelor's,Y,N,13306,2016,South,98846.1179,Year,Y,Certified
EZYV02698,Asia,Doctorate,Y,N,36888,1974,West,102946.5952,Year,Y,Certified
EZYV02699,Asia,Master's,Y,N,55164,1985,West,233743.6862,Year,Y,Certified
EZYV02700,South America,High School,Y,N,43413,1968,South,167834.686,Year,Y,Certified
EZYV02701,Europe,Master's,Y,N,16186,2010,West,232288.7769,Year,Y,Certified
EZYV02702,Asia,High School,Y,N,44312,1995,Midwest,243052.09,Year,Y,Certified
EZYV02703,Asia,High School,Y,N,53000,1964,Northeast,136842.5999,Year,Y,Certified
EZYV02704,North America,Master's,Y,N,53360,2004,Northeast,152550.2585,Year,Y,Certified
EZYV02705,North America,Master's,Y,Y,44354,2013,Midwest,164159.9593,Year,Y,Certified
EZYV02706,Asia,Bachelor's,Y,N,43944,2001,South,209824.4169,Year,N,Denied
EZYV02707,South America,Doctorate,Y,N,47093,2008,South,164836.1138,Year,Y,Certified
EZYV02708,Asia,Master's,Y,Y,44191,1976,Northeast,28838.9261,Year,Y,Certified
EZYV02709,Asia,High School,Y,N,8037,1985,Midwest,235619.0414,Year,N,Certified
EZYV02710,Europe,Master's,Y,N,48247,2011,West,165301.4027,Year,Y,Certified
EZYV02711,Oceania,Master's,N,N,10810,1996,Midwest,217505.3345,Year,Y,Certified
EZYV02712,Asia,Master's,Y,Y,33387,1996,South,106299.4889,Year,Y,Certified
EZYV02713,Asia,Doctorate,N,Y,20377,2006,Midwest,118784.1462,Year,Y,Certified
EZYV02714,Asia,Master's,N,N,12793,1996,South,172276.3169,Hour,Y,Certified
EZYV02715,South America,Bachelor's,Y,N,16925,1967,West,194145.7158,Year,Y,Certified
EZYV02716,Asia,Bachelor's,Y,N,5086,1972,West,19798.9858,Year,Y,Certified
EZYV02717,Asia,Master's,Y,N,26387,2006,South,101954.2398,Year,Y,Certified
EZYV02718,Oceania,Doctorate,Y,N,25151,1974,West,192510.1238,Year,Y,Certified
EZYV02719,Asia,High School,Y,N,24214,1999,Northeast,248060.5354,Year,Y,Denied
EZYV02720,Europe,Bachelor's,Y,N,5514,1988,South,3108.2843,Year,Y,Certified
EZYV02721,Asia,Master's,N,Y,36414,1997,West,66349.0952,Year,N,Certified
EZYV02722,North America,High School,Y,N,10170,1974,Northeast,116319.1758,Hour,Y,Denied
EZYV02723,Asia,High School,N,N,51356,1978,West,55890.8371,Year,Y,Denied
EZYV02724,Asia,Doctorate,N,N,1445,2001,South,6925.1652,Year,Y,Certified
EZYV02725,Asia,Master's,Y,Y,3330,1970,Northeast,134977.8474,Hour,Y,Certified
EZYV02726,North America,Doctorate,N,Y,18022,1978,West,162419.7725,Year,Y,Certified
EZYV02727,North America,Master's,N,N,24481,2019,Northeast,104132.3028,Year,Y,Certified
EZYV02728,Asia,Bachelor's,Y,N,58200,1969,Midwest,92595.5443,Year,Y,Certified
EZYV02729,Asia,Doctorate,Y,N,31525,1994,Island,246405.5179,Year,N,Certified
EZYV02730,South America,Bachelor's,Y,N,22745,1969,South,119486.6251,Year,Y,Certified
EZYV02731,Asia,Bachelor's,Y,N,50258,2002,South,199557.7494,Year,Y,Denied
EZYV02732,Asia,Doctorate,Y,N,14464,1967,Northeast,71936.1082,Year,Y,Certified
EZYV02733,Europe,Master's,Y,N,53821,1994,West,207581.0256,Year,Y,Certified
EZYV02734,Asia,Doctorate,Y,Y,24215,1986,Northeast,205960.1824,Year,Y,Certified
EZYV02735,Asia,Bachelor's,N,N,18773,2001,Midwest,67071.9899,Year,Y,Certified
EZYV02736,Asia,Doctorate,Y,N,18090,1960,Island,164032.567,Year,Y,Certified
EZYV02737,Asia,Master's,Y,N,596,1990,Northeast,170567.3412,Hour,Y,Certified
EZYV02738,Asia,Master's,Y,N,40437,1992,West,110765.3591,Year,Y,Certified
EZYV02739,North America,Doctorate,N,N,34644,1974,South,193490.2597,Year,N,Certified
EZYV02740,Europe,Bachelor's,N,N,38073,1977,South,76859.9382,Year,Y,Denied
EZYV02741,Asia,Master's,Y,N,39114,2002,Northeast,121171.1054,Year,Y,Certified
EZYV02742,South America,Master's,N,N,1655,1993,West,247539.8961,Year,Y,Certified
EZYV02743,Asia,Master's,Y,N,52661,1994,Northeast,44833.1828,Year,Y,Certified
EZYV02744,North America,Doctorate,N,N,30686,2016,Midwest,37116.124,Year,Y,Certified
EZYV02745,Asia,Master's,Y,N,41489,1984,South,35721.2321,Year,Y,Certified
EZYV02746,North America,High School,Y,N,2186,2012,West,249527.6961,Year,Y,Certified
EZYV02747,Asia,Bachelor's,N,N,45666,2018,Midwest,40146.3365,Year,Y,Certified
EZYV02748,Asia,Doctorate,N,N,40646,1994,West,47721.7614,Year,Y,Certified
EZYV02749,Asia,Doctorate,N,N,22115,1972,South,173757.689,Year,Y,Denied
EZYV02750,Asia,Doctorate,Y,N,56149,1985,South,189922.2569,Year,Y,Certified
EZYV02751,Asia,High School,N,N,39045,1962,South,131859.9141,Hour,Y,Denied
EZYV02752,North America,Bachelor's,Y,Y,54450,2001,South,245670.746,Year,Y,Certified
EZYV02753,South America,Master's,N,N,49299,1976,Midwest,9919.4383,Hour,Y,Certified
EZYV02754,Asia,Master's,N,N,12354,2015,Northeast,155281.0531,Year,Y,Certified
EZYV02755,South America,High School,Y,N,59788,1999,South,151696.036,Year,Y,Certified
EZYV02756,North America,Master's,Y,N,44562,1989,West,80446.9479,Year,Y,Certified
EZYV02757,South America,Bachelor's,Y,N,11394,1971,South,224880.2294,Year,Y,Certified
EZYV02758,Europe,Bachelor's,Y,N,47587,1965,Midwest,138309.8502,Year,N,Certified
EZYV02759,Europe,Bachelor's,Y,N,25748,2000,Northeast,61735.799,Year,Y,Certified
EZYV02760,Asia,High School,Y,N,51864,2005,Northeast,22271.9573,Year,Y,Certified
EZYV02761,Europe,High School,N,N,10410,1975,West,26958.2996,Year,Y,Denied
EZYV02762,Africa,Doctorate,Y,N,15587,1960,South,224352.8457,Year,N,Certified
EZYV02763,Asia,Master's,Y,Y,20867,1979,Midwest,62727.1288,Year,Y,Certified
EZYV02764,Asia,Doctorate,N,N,27058,2005,South,226769.9243,Year,Y,Certified
EZYV02765,Asia,Bachelor's,Y,N,37884,1994,Northeast,30205.4536,Year,Y,Certified
EZYV02766,Africa,Bachelor's,Y,Y,13301,1965,South,245987.0272,Year,Y,Certified
EZYV02767,Asia,Bachelor's,N,N,42339,1966,South,208370.5979,Year,Y,Certified
EZYV02768,Europe,Master's,N,N,1473,1966,West,29233.9397,Year,Y,Certified
EZYV02769,South America,Bachelor's,Y,Y,19870,2005,Northeast,21696.9144,Year,Y,Certified
EZYV02770,Oceania,Master's,Y,N,39545,2006,South,200898.6082,Hour,N,Certified
EZYV02771,Asia,Master's,Y,N,15905,1984,Midwest,19700.9506,Year,Y,Certified
EZYV02772,North America,Master's,N,N,25896,2001,South,65692.8102,Year,Y,Certified
EZYV02773,South America,Bachelor's,N,N,36369,1961,West,200352.2024,Year,Y,Denied
EZYV02774,Asia,Master's,N,N,14898,1993,Northeast,226913.4871,Year,Y,Denied
EZYV02775,North America,Bachelor's,N,N,57860,1976,West,191959.4842,Year,Y,Denied
EZYV02776,Asia,High School,Y,Y,50828,2009,Northeast,222495.2266,Year,Y,Certified
EZYV02777,Europe,Master's,Y,Y,58262,1989,West,140060.1006,Year,Y,Certified
EZYV02778,Asia,Master's,N,N,29748,2011,South,194946.8683,Year,Y,Certified
EZYV02779,Asia,Master's,N,N,20613,1993,Northeast,86177.7449,Year,Y,Certified
EZYV02780,Asia,High School,Y,N,59679,1987,South,196346.4744,Year,Y,Denied
EZYV02781,Asia,Doctorate,N,Y,43713,2016,Northeast,169999.2787,Year,Y,Certified
EZYV02782,Asia,Doctorate,Y,N,47604,2019,Midwest,143792.5499,Year,Y,Certified
EZYV02783,Europe,Bachelor's,N,N,10974,1987,Northeast,248076.8699,Year,Y,Certified
EZYV02784,Asia,Master's,Y,N,52154,1981,Midwest,117550.9253,Month,Y,Denied
EZYV02785,Asia,Bachelor's,N,N,31695,1998,South,154887.9599,Year,Y,Denied
EZYV02786,Europe,Master's,Y,Y,46403,1970,Northeast,127574.4406,Year,Y,Certified
EZYV02787,Europe,Master's,N,N,49504,1983,South,65275.7326,Year,Y,Certified
EZYV02788,Asia,Master's,N,N,6368,2010,Northeast,82725.2971,Hour,Y,Certified
EZYV02789,Africa,Master's,Y,N,5958,2013,Midwest,244700.6848,Year,Y,Certified
EZYV02790,Asia,Bachelor's,N,N,3915,1984,Northeast,98149.1924,Year,Y,Denied
EZYV02791,South America,Master's,N,N,38581,1983,Midwest,169915.6856,Year,Y,Certified
EZYV02792,Asia,Master's,N,N,54906,2012,Northeast,141860.8965,Year,Y,Certified
EZYV02793,North America,Bachelor's,Y,N,1821,1972,South,222473.3569,Year,Y,Certified
EZYV02794,Oceania,Bachelor's,N,N,8304,1963,Northeast,189470.9815,Year,Y,Denied
EZYV02795,South America,Master's,Y,N,29162,1964,West,20346.7212,Year,Y,Certified
EZYV02796,Europe,Master's,N,N,23482,1966,South,88989.3795,Year,N,Certified
EZYV02797,Europe,Master's,Y,N,6193,2012,Midwest,178036.003,Year,Y,Certified
EZYV02798,Asia,Doctorate,N,N,36600,1962,South,40506.9306,Year,Y,Certified
EZYV02799,Europe,Master's,Y,N,54327,1979,Northeast,125959.1076,Year,Y,Certified
EZYV02800,North America,Bachelor's,Y,N,12725,1996,West,79578.7083,Year,N,Denied
EZYV02801,Oceania,Bachelor's,Y,N,184,1996,West,16375.6066,Year,N,Certified
EZYV02802,Asia,Master's,Y,N,13528,2009,Midwest,249287.0927,Year,Y,Certified
EZYV02803,Asia,Master's,Y,N,11088,2018,South,232355.277,Year,Y,Certified
EZYV02804,Europe,Master's,Y,N,27982,1984,West,186932.0333,Year,Y,Denied
EZYV02805,Asia,Master's,N,N,6452,1973,Northeast,50416.2536,Year,Y,Denied
EZYV02806,Asia,Master's,Y,N,21663,1965,Island,247133.8432,Year,Y,Certified
EZYV02807,Asia,Master's,Y,N,7179,2013,Northeast,157771.9123,Year,Y,Certified
EZYV02808,North America,Master's,N,N,40599,1982,Midwest,241525.6444,Year,Y,Certified
EZYV02809,Asia,High School,N,N,28159,2013,Northeast,10836.211,Year,Y,Denied
EZYV02810,Asia,Master's,N,N,4518,1980,West,43532.9852,Hour,Y,Certified
EZYV02811,Asia,Master's,N,N,2636,2005,Midwest,169376.2719,Year,Y,Certified
EZYV02812,South America,High School,N,N,29333,1998,Midwest,226813.4918,Year,Y,Denied
EZYV02813,Europe,Master's,N,N,35513,2002,South,44110.3968,Year,Y,Certified
EZYV02814,Asia,Master's,N,N,10467,1999,South,79411.1403,Year,Y,Certified
EZYV02815,Asia,Master's,N,N,19421,1978,Midwest,147126.6974,Year,Y,Certified
EZYV02816,Europe,Master's,Y,N,36409,1966,West,249915.3228,Year,Y,Certified
EZYV02817,Asia,Bachelor's,N,N,28278,1960,West,199956.3387,Year,Y,Denied
EZYV02818,Europe,Bachelor's,N,N,6986,1985,Northeast,230905.9822,Year,Y,Denied
EZYV02819,Asia,Bachelor's,N,Y,23485,2013,South,168818.1311,Year,Y,Denied
EZYV02820,Africa,Bachelor's,N,N,11869,1998,South,219367.3434,Year,Y,Denied
EZYV02821,Asia,Master's,Y,N,55605,2000,West,126859.8491,Year,Y,Certified
EZYV02822,Europe,Master's,Y,N,48236,1975,Northeast,31214.827,Year,Y,Certified
EZYV02823,Asia,Master's,N,N,18731,1989,South,177447.4433,Year,Y,Certified
EZYV02824,Africa,Bachelor's,N,N,14121,1984,Midwest,150448.4356,Year,Y,Certified
EZYV02825,Oceania,Bachelor's,N,N,8091,1968,South,121440.446,Hour,Y,Denied
EZYV02826,North America,Bachelor's,N,N,44227,1996,Midwest,68892.7307,Year,Y,Denied
EZYV02827,Asia,Master's,N,N,55096,1981,Northeast,196093.9124,Year,Y,Certified
EZYV02828,Asia,Bachelor's,N,N,16394,1984,South,205138.4383,Year,N,Denied
EZYV02829,North America,Master's,Y,N,38391,1995,South,91173.5697,Year,Y,Denied
EZYV02830,North America,Master's,N,Y,14113,1961,South,231956.0866,Year,Y,Denied
EZYV02831,Asia,Master's,Y,N,55022,2016,West,92561.4753,Year,Y,Certified
EZYV02832,Asia,Bachelor's,Y,N,17959,1973,Northeast,27069.1112,Year,Y,Denied
EZYV02833,Asia,Bachelor's,Y,N,5778,2000,South,41798.7862,Year,Y,Certified
EZYV02834,South America,Master's,Y,N,52857,2006,Northeast,123729.9645,Year,Y,Certified
EZYV02835,Europe,Master's,Y,N,56732,1969,West,20149.7757,Year,Y,Certified
EZYV02836,Europe,High School,Y,N,23838,1974,Midwest,179659.4535,Year,Y,Denied
EZYV02837,Europe,Master's,N,N,54439,1984,Northeast,198814.9447,Year,Y,Certified
EZYV02838,Asia,Master's,N,N,14636,2009,South,137457.1895,Year,Y,Certified
EZYV02839,Asia,Bachelor's,Y,N,16264,1998,South,223358.4436,Year,Y,Certified
EZYV02840,Asia,Bachelor's,N,Y,32205,1988,West,238580.7594,Year,Y,Denied
EZYV02841,North America,Bachelor's,Y,N,36031,2010,Northeast,112005.7557,Year,Y,Certified
EZYV02842,Asia,Bachelor's,Y,N,23147,1988,South,22463.9666,Year,Y,Denied
EZYV02843,Asia,Bachelor's,Y,N,47979,2013,West,57969.7746,Year,Y,Certified
EZYV02844,Asia,Master's,N,N,47414,2006,South,164472.4877,Year,Y,Certified
EZYV02845,Asia,Bachelor's,N,N,7270,1970,West,101564.9389,Year,Y,Certified
EZYV02846,Europe,Doctorate,N,N,59426,1982,South,171315.3467,Year,Y,Denied
EZYV02847,Asia,Doctorate,N,N,9563,1961,Midwest,166750.4495,Year,Y,Certified
EZYV02848,Asia,Bachelor's,N,N,31601,1974,Northeast,151420.9605,Year,N,Denied
EZYV02849,North America,Bachelor's,N,N,25391,1961,Northeast,39626.5752,Year,Y,Certified
EZYV02850,Asia,Master's,N,Y,27113,1966,South,71621.641,Year,Y,Denied
EZYV02851,Asia,Doctorate,Y,N,7721,1960,South,94589.8343,Year,Y,Certified
EZYV02852,Asia,Master's,Y,N,20591,2000,West,206139.6139,Year,Y,Certified
EZYV02853,North America,High School,Y,N,1835,1984,Northeast,170619.2646,Year,Y,Denied
EZYV02854,Asia,Bachelor's,N,N,58400,1988,Northeast,161304.5796,Year,N,Denied
EZYV02855,North America,High School,Y,N,8643,2005,West,168099.9087,Year,Y,Denied
EZYV02856,Africa,Master's,Y,N,29004,2008,South,125899.8799,Year,Y,Certified
EZYV02857,Europe,Master's,N,N,12973,1991,West,10100.0025,Year,Y,Certified
EZYV02858,Asia,Master's,N,N,10692,1987,West,50439.9477,Year,Y,Certified
EZYV02859,North America,Master's,Y,N,23422,1998,Northeast,35247.4785,Year,N,Certified
EZYV02860,Asia,Bachelor's,Y,N,58153,1984,West,16186.3668,Month,Y,Certified
EZYV02861,Asia,Master's,Y,N,28699,1986,Midwest,80005.2667,Year,N,Certified
EZYV02862,Asia,High School,Y,N,57653,1977,Midwest,196975.0019,Year,Y,Denied
EZYV02863,Asia,Master's,N,N,49625,1971,Northeast,28959.9246,Year,Y,Certified
EZYV02864,Asia,Master's,N,N,26151,1971,South,28033.3448,Year,Y,Denied
EZYV02865,Asia,Master's,Y,N,54072,1999,Midwest,31241.152,Week,Y,Certified
EZYV02866,Asia,Bachelor's,Y,N,20900,2009,West,67601.4585,Year,Y,Certified
EZYV02867,Asia,Master's,Y,N,30093,1985,South,50711.3431,Year,Y,Certified
EZYV02868,Europe,Master's,Y,N,40831,1965,Northeast,3687.4869,Year,Y,Certified
EZYV02869,Africa,Bachelor's,Y,N,35371,1996,West,69270.2779,Year,Y,Certified
EZYV02870,Asia,Bachelor's,N,N,49738,2014,West,249074.3573,Year,Y,Denied
EZYV02871,Europe,Master's,Y,Y,9786,1991,Midwest,84254.3134,Year,Y,Certified
EZYV02872,Asia,Bachelor's,N,N,29919,1961,Midwest,52972.5062,Year,Y,Certified
EZYV02873,Asia,Bachelor's,Y,N,39888,1964,South,124029.3396,Month,Y,Certified
EZYV02874,Asia,Bachelor's,N,Y,19858,1991,West,57496.2424,Year,Y,Denied
EZYV02875,Asia,Bachelor's,Y,N,52016,2011,Northeast,139999.3713,Year,Y,Certified
EZYV02876,Asia,Bachelor's,Y,N,18094,1963,Northeast,100283.8304,Year,Y,Certified
EZYV02877,Asia,Master's,N,N,18079,2005,Northeast,224230.9613,Year,Y,Certified
EZYV02878,Asia,Bachelor's,N,Y,19606,2006,Midwest,231994.2317,Year,Y,Denied
EZYV02879,Asia,Master's,Y,Y,40593,1963,Northeast,178322.7023,Year,Y,Certified
EZYV02880,Asia,Bachelor's,Y,N,7095,1972,South,54080.4231,Month,Y,Certified
EZYV02881,Asia,Bachelor's,N,N,8585,1960,South,118579.8573,Year,Y,Certified
EZYV02882,Asia,Bachelor's,N,N,46720,1993,South,76494.7071,Year,Y,Denied
EZYV02883,Asia,Master's,N,N,12450,1970,South,199609.7118,Year,Y,Certified
EZYV02884,Asia,Doctorate,Y,N,6311,2014,Northeast,7487.6925,Year,Y,Certified
EZYV02885,Asia,Bachelor's,Y,N,15830,1965,South,165690.4252,Year,Y,Certified
EZYV02886,Asia,High School,Y,N,23907,1998,South,80942.0612,Year,Y,Certified
EZYV02887,Asia,Bachelor's,Y,N,2001,2007,West,120354.9447,Year,Y,Denied
EZYV02888,Africa,Bachelor's,N,Y,50099,1970,West,80884.1438,Year,Y,Denied
EZYV02889,Asia,Master's,N,N,7063,1975,Midwest,91324.5488,Year,Y,Certified
EZYV02890,Asia,High School,Y,Y,24255,2007,South,168655.7872,Year,Y,Denied
EZYV02891,Asia,Doctorate,N,N,12139,1965,Northeast,148954.4845,Year,Y,Certified
EZYV02892,Oceania,Master's,N,N,17696,1986,South,61173.4936,Year,Y,Certified
EZYV02893,Europe,Master's,N,N,2729,1975,Midwest,11100.6795,Year,Y,Certified
EZYV02894,Europe,Master's,Y,N,56895,1960,Northeast,214034.2481,Year,Y,Certified
EZYV02895,Oceania,High School,Y,Y,56242,1987,Northeast,123178.2091,Year,N,Denied
EZYV02896,Asia,Master's,Y,N,7605,1989,Midwest,154758.81,Year,Y,Certified
EZYV02897,Oceania,Bachelor's,Y,N,11848,1980,Midwest,122227.1183,Hour,Y,Certified
EZYV02898,Asia,Master's,Y,N,53092,2008,Northeast,154811.2637,Hour,Y,Certified
EZYV02899,Europe,Master's,Y,N,24905,1965,West,156817.7235,Year,Y,Certified
EZYV02900,Asia,High School,Y,N,3738,1985,South,3957.1261,Year,Y,Denied
EZYV02901,Asia,Master's,Y,Y,8165,1970,South,133408.1273,Year,Y,Certified
EZYV02902,Africa,High School,N,N,24820,2005,South,125626.5706,Year,Y,Denied
EZYV02903,Asia,Bachelor's,N,N,33483,1993,Midwest,24135.2156,Year,Y,Certified
EZYV02904,Oceania,Master's,Y,N,37908,2002,Northeast,186521.2889,Year,Y,Certified
EZYV02905,Asia,Bachelor's,N,N,9204,1966,West,59117.6705,Hour,Y,Denied
EZYV02906,Europe,Doctorate,Y,N,22211,1987,Northeast,13820.4319,Year,Y,Certified
EZYV02907,Africa,Master's,Y,N,15675,1963,West,200829.1117,Year,Y,Certified
EZYV02908,Asia,Master's,N,N,32083,1979,West,216309.9115,Year,Y,Certified
EZYV02909,Africa,Bachelor's,Y,N,19296,2016,West,60325.5501,Year,N,Certified
EZYV02910,Europe,Bachelor's,Y,N,12252,2003,Midwest,171948.8701,Year,Y,Certified
EZYV02911,North America,Doctorate,Y,N,48915,1964,West,1436.6784,Week,Y,Certified
EZYV02912,Asia,Bachelor's,Y,N,34148,1982,West,180343.2596,Hour,N,Denied
EZYV02913,Asia,Master's,N,N,28444,2012,Northeast,116312.1468,Year,Y,Denied
EZYV02914,Europe,Bachelor's,Y,N,8086,1970,Island,198162.28,Year,Y,Certified
EZYV02915,Asia,Bachelor's,Y,N,4262,2005,South,98379.8864,Year,N,Certified
EZYV02916,Asia,Master's,Y,N,47768,1979,South,87898.7167,Month,Y,Certified
EZYV02917,Asia,Master's,Y,N,58117,1988,South,210228.0618,Year,Y,Certified
EZYV02918,South America,Master's,Y,N,35033,2012,South,9853.9451,Year,Y,Certified
EZYV02919,Asia,Master's,N,N,2359,2000,West,46953.8137,Year,Y,Certified
EZYV02920,North America,Bachelor's,N,N,28923,1977,South,103149.7914,Year,N,Certified
EZYV02921,Oceania,Bachelor's,Y,N,16822,1960,Northeast,149165.2727,Year,Y,Certified
EZYV02922,Asia,High School,N,N,3294,1974,Midwest,1477.1058,Year,Y,Certified
EZYV02923,Asia,Master's,Y,N,8559,1985,Midwest,143871.8941,Year,Y,Certified
EZYV02924,Europe,Bachelor's,Y,N,29993,1968,South,94747.4364,Year,Y,Certified
EZYV02925,Asia,Master's,Y,N,25621,2012,Midwest,157574.5105,Year,Y,Certified
EZYV02926,Europe,Bachelor's,Y,N,33820,1963,South,226762.0651,Year,Y,Certified
EZYV02927,Europe,Master's,N,N,41609,1992,South,110329.8285,Year,Y,Certified
EZYV02928,Europe,Master's,N,N,15951,2018,Midwest,138733.7451,Hour,Y,Certified
EZYV02929,Asia,Master's,Y,N,17188,1980,West,115804.9216,Year,N,Certified
EZYV02930,Europe,High School,Y,N,40660,1992,West,29806.7964,Year,N,Denied
EZYV02931,Europe,Doctorate,N,N,11840,1964,South,198319.6243,Year,Y,Certified
EZYV02932,Asia,Bachelor's,Y,N,4619,2003,South,221321.891,Year,Y,Certified
EZYV02933,Europe,Bachelor's,Y,N,51216,2018,Northeast,202904.352,Year,Y,Denied
EZYV02934,South America,Bachelor's,N,N,12533,2006,Midwest,236909.6243,Year,Y,Denied
EZYV02935,Europe,Bachelor's,N,N,7265,1968,Northeast,117113.5237,Year,Y,Denied
EZYV02936,Asia,Master's,N,N,44256,1981,South,163149.9745,Year,Y,Denied
EZYV02937,Asia,Bachelor's,Y,N,31916,2003,Northeast,42251.7329,Year,Y,Certified
EZYV02938,Asia,Bachelor's,Y,N,8846,2007,West,244206.6687,Year,Y,Certified
EZYV02939,Asia,Master's,Y,N,51034,1984,South,145222.4017,Year,Y,Certified
EZYV02940,Asia,Master's,N,N,14744,2017,West,65563.4444,Year,Y,Certified
EZYV02941,Oceania,Master's,Y,N,40566,1972,South,201382.4947,Year,Y,Certified
EZYV02942,Asia,Master's,Y,N,39056,2004,Northeast,146705.4811,Year,Y,Certified
EZYV02943,North America,Bachelor's,Y,N,49781,1989,Northeast,237428.8105,Year,Y,Certified
EZYV02944,Asia,Master's,N,N,43734,2002,Northeast,192540.3493,Year,Y,Certified
EZYV02945,Asia,High School,N,N,42187,1995,West,219340.7528,Year,Y,Certified
EZYV02946,Asia,Bachelor's,N,N,3103,1985,Midwest,136753.1722,Year,Y,Denied
EZYV02947,Asia,High School,Y,N,56286,2008,South,129423.6447,Year,Y,Certified
EZYV02948,North America,Master's,N,N,7608,2010,South,189380.1525,Year,Y,Certified
EZYV02949,Africa,Bachelor's,Y,N,15224,2009,Northeast,26432.4911,Year,Y,Denied
EZYV02950,South America,Master's,Y,N,26775,1965,Midwest,13697.0916,Year,Y,Certified
EZYV02951,Asia,Bachelor's,Y,N,17315,1985,Midwest,245928.8211,Year,N,Certified
EZYV02952,North America,Bachelor's,Y,N,35573,2004,West,229090.6231,Year,Y,Certified
EZYV02953,Asia,Bachelor's,Y,Y,3188,2012,Northeast,238924.1031,Year,Y,Certified
EZYV02954,Africa,High School,N,N,27235,1981,South,15778.5431,Hour,Y,Denied
EZYV02955,Asia,Bachelor's,Y,N,20977,2004,Island,67471.4927,Year,Y,Certified
EZYV02956,Asia,Master's,Y,N,38829,1993,Northeast,225405.2863,Year,Y,Certified
EZYV02957,Asia,Master's,N,N,31195,1973,West,22551.9983,Year,Y,Denied
EZYV02958,Asia,High School,N,N,45363,2013,Midwest,112968.3411,Year,Y,Denied
EZYV02959,Asia,Master's,Y,N,9879,1986,West,85454.58,Year,Y,Certified
EZYV02960,Africa,Bachelor's,N,N,56973,1996,West,219986.6495,Year,Y,Certified
EZYV02961,North America,High School,Y,N,23537,1977,South,129615.4179,Year,Y,Denied
EZYV02962,Africa,Bachelor's,Y,N,21002,1961,Midwest,72735.4707,Year,Y,Certified
EZYV02963,Asia,Bachelor's,N,N,32906,1987,South,131170.4337,Year,Y,Denied
EZYV02964,Europe,Bachelor's,Y,N,9798,2003,Midwest,28289.0622,Year,Y,Denied
EZYV02965,Asia,Master's,Y,N,48876,1979,South,182854.4426,Year,Y,Certified
EZYV02966,Asia,Bachelor's,Y,Y,15856,2015,West,154660.7211,Year,Y,Certified
EZYV02967,Asia,Master's,Y,N,55647,2005,Midwest,150257.0535,Year,Y,Denied
EZYV02968,Asia,Bachelor's,Y,N,8902,1998,South,109573.5194,Year,Y,Certified
EZYV02969,Europe,Master's,N,N,51854,2008,South,73702.1894,Year,Y,Certified
EZYV02970,Asia,Master's,Y,N,23663,2011,Northeast,16532.0871,Year,Y,Certified
EZYV02971,Asia,Bachelor's,N,N,36447,2003,West,236768.7195,Hour,Y,Denied
EZYV02972,Europe,High School,Y,N,52355,2009,West,104255.1696,Year,Y,Certified
EZYV02973,Asia,Master's,N,N,7761,2002,Northeast,124081.2416,Year,N,Certified
EZYV02974,Africa,Doctorate,Y,N,20833,2011,Midwest,94066.5353,Year,Y,Certified
EZYV02975,Asia,Doctorate,Y,Y,56904,1966,Midwest,246971.7622,Year,Y,Certified
EZYV02976,North America,Bachelor's,Y,N,8942,1980,Midwest,199083.7683,Year,Y,Certified
EZYV02977,Europe,Master's,Y,Y,6186,2013,West,24120.9042,Year,Y,Certified
EZYV02978,North America,Bachelor's,N,N,31365,1988,Midwest,152122.1312,Year,Y,Denied
EZYV02979,North America,Bachelor's,N,N,1497,1960,Midwest,121261.7165,Year,Y,Denied
EZYV02980,South America,Master's,N,N,59516,2010,Northeast,198379.3384,Year,Y,Denied
EZYV02981,Europe,Master's,Y,N,54226,1999,Island,249329.5398,Year,Y,Denied
EZYV02982,Asia,Master's,Y,N,11303,2014,South,186127.8238,Year,Y,Certified
EZYV02983,Asia,Master's,N,N,10374,1960,Midwest,216259.2194,Year,Y,Certified
EZYV02984,Europe,Bachelor's,N,N,46675,1968,West,125758.3485,Hour,Y,Denied
EZYV02985,Asia,Master's,N,N,31251,1990,West,93524.778,Year,N,Certified
EZYV02986,Asia,Bachelor's,N,N,49404,1970,South,160891.2644,Year,Y,Certified
EZYV02987,Asia,High School,Y,Y,58057,1991,Northeast,187404.7198,Year,Y,Certified
EZYV02988,Asia,Bachelor's,N,N,24089,1980,Northeast,57037.9765,Year,Y,Denied
EZYV02989,Asia,Doctorate,Y,N,15244,1972,West,125946.1925,Year,Y,Certified
EZYV02990,Europe,Bachelor's,Y,N,37178,2006,Midwest,28624.9885,Year,Y,Certified
EZYV02991,North America,Bachelor's,N,N,38106,1962,Northeast,54244.9328,Year,Y,Certified
EZYV02992,South America,Master's,Y,N,25950,2012,Northeast,220488.3508,Year,Y,Certified
EZYV02993,Asia,Doctorate,Y,N,17953,1969,West,36354.0493,Year,Y,Certified
EZYV02994,Asia,Doctorate,Y,N,15750,1994,South,202874.7933,Year,Y,Certified
EZYV02995,Europe,Master's,Y,N,31300,2019,Northeast,93274.4167,Hour,Y,Certified
EZYV02996,Asia,Bachelor's,N,N,25575,1966,Northeast,165947.6396,Year,N,Denied
EZYV02997,Europe,Master's,N,Y,27459,2015,West,227599.5276,Year,Y,Certified
EZYV02998,Asia,Master's,Y,N,5730,1978,West,195268.4903,Year,Y,Certified
EZYV02999,Oceania,Master's,N,N,52849,2004,Midwest,206520.0917,Year,Y,Certified
EZYV03000,Asia,Master's,N,N,42421,2011,South,65435.0377,Year,N,Certified
